Ctstomer_id,Order ID,Order Date,Ship Mode,Segment,Value
12,CA-2011-103366,2013-01-15,First Class,Consumer,149.95
21,CA-2011-109043,2013-08-15,First Class,Consumer,243.6
30,CA-2011-113166,2013-12-24,First Class,Consumer,9.568
52,CA-2011-124023,2013-04-07,First Class,Consumer,8.96
64,CA-2011-130155,2013-05-19,First Class,Consumer,34.2
77,CA-2011-136861,2013-09-05,First Class,Consumer,31.984
105,CA-2011-153927,2013-08-12,First Class,Consumer,286.65
114,CA-2011-157784,2013-07-05,First Class,Consumer,514.03
120,CA-2011-160094,2013-04-30,First Class,Consumer,1000.95
129,CA-2011-164749,2013-03-23,First Class,Consumer,9.912
135,CA-2011-166730,2013-12-30,First Class,Consumer,39.128
147,CA-2012-102722,2014-04-18,First Class,Consumer,106.5
148,CA-2012-102778,2014-11-21,First Class,Consumer,18.176
180,CA-2012-117828,2014-12-23,First Class,Consumer,194.32
205,CA-2012-130218,2014-03-23,First Class,Consumer,59.48
207,CA-2012-132318,2014-10-30,First Class,Consumer,182.91
221,CA-2012-137974,2014-04-16,First Class,Consumer,2298.9
223,CA-2012-138625,2014-11-02,First Class,Consumer,197.72
227,CA-2012-141327,2014-11-30,First Class,Consumer,440.144
242,CA-2012-149300,2014-11-22,First Class,Consumer,32.985
246,CA-2012-150560,2014-12-11,First Class,Consumer,196.62
279,CA-2012-165414,2014-12-21,First Class,Consumer,47.976
294,CA-2013-102092,2015-12-10,First Class,Consumer,1056.86
296,CA-2013-102498,2015-07-25,First Class,Consumer,73.2
314,CA-2013-110492,2015-02-12,First Class,Consumer,1366.04
339,CA-2013-119515,2015-08-15,First Class,Consumer,15.552
340,CA-2013-119823,2015-06-05,First Class,Consumer,75.88
351,CA-2013-124772,2015-12-06,First Class,Consumer,191.82
353,CA-2013-125843,2015-08-14,First Class,Consumer,125.92
358,CA-2013-130442,2015-12-17,First Class,Consumer,34.944
367,CA-2013-133872,2015-06-15,First Class,Consumer,58.4
395,CA-2013-145247,2015-05-06,First Class,Consumer,79.14
396,CA-2013-145499,2015-05-31,First Class,Consumer,3.282
402,CA-2013-147368,2015-06-10,First Class,Consumer,695.7
424,CA-2013-157280,2015-11-06,First Class,Consumer,1120.73
425,CA-2013-157364,2015-11-20,First Class,Consumer,18.48
449,CA-2013-164784,2015-05-02,First Class,Consumer,377.346
477,CA-2014-103212,2016-10-13,First Class,Consumer,1541.51
482,CA-2014-105620,2016-12-25,First Class,Consumer,141.0
489,CA-2014-108287,2016-12-18,First Class,Consumer,12.672
492,CA-2014-109589,2016-12-21,First Class,Consumer,71.0
493,CA-2014-110198,2016-05-01,First Class,Consumer,318.96
497,CA-2014-112774,2016-09-11,First Class,Consumer,34.504
505,CA-2014-115448,2016-11-11,First Class,Consumer,88.92
520,CA-2014-121314,2016-09-23,First Class,Consumer,251.64
523,CA-2014-121818,2016-11-20,First Class,Consumer,52.696
525,CA-2014-122154,2016-04-09,First Class,Consumer,284.19
529,CA-2014-122994,2016-02-07,First Class,Consumer,359.97
538,CA-2014-125472,2016-05-30,First Class,Consumer,253.86
544,CA-2014-126774,2016-04-15,First Class,Consumer,4.89
568,CA-2014-133235,2016-08-01,First Class,Consumer,271.96
580,CA-2014-138779,2016-01-15,First Class,Consumer,29.664
595,CA-2014-143756,2016-12-02,First Class,Consumer,701.96
625,CA-2014-151218,2016-06-20,First Class,Consumer,4.464
641,CA-2014-156769,2016-05-06,First Class,Consumer,54.66
647,CA-2014-158729,2016-12-19,First Class,Consumer,1665.62
650,CA-2014-158967,2016-12-10,First Class,Consumer,19.104
662,CA-2014-161053,2016-09-22,First Class,Consumer,726.91
671,CA-2014-162635,2016-10-09,First Class,Consumer,10.816
673,CA-2014-163335,2016-09-24,First Class,Consumer,79.0
698,US-2011-130358,2013-06-23,First Class,Consumer,23.12
714,US-2012-106495,2014-06-15,First Class,Consumer,11.672
737,US-2013-106600,2015-04-09,First Class,Consumer,354.9
741,US-2013-113649,2015-08-10,First Class,Consumer,645.136
742,US-2013-116400,2015-10-23,First Class,Consumer,39.92
743,US-2013-119298,2015-11-26,First Class,Consumer,59.98
747,US-2013-131891,2015-07-30,First Class,Consumer,2.214
770,US-2013-162677,2015-03-27,First Class,Consumer,187.616
773,US-2013-167472,2015-06-07,First Class,Consumer,678.87
779,US-2014-108063,2016-12-02,First Class,Consumer,34.65
795,US-2014-133781,2016-06-22,First Class,Consumer,37.608
804,US-2014-148831,2016-10-13,First Class,Consumer,348.56
,,,First Class,Consumer,20802.173
11,CA-2011-103317,2013-07-05,First Class,Corporate,242.546
14,CA-2011-103989,2013-03-19,First Class,Corporate,590.762
16,CA-2011-106054,2013-01-06,First Class,Corporate,12.78
27,CA-2011-111934,2013-05-05,First Class,Corporate,47.32
54,CA-2011-124688,2013-08-27,First Class,Corporate,1812.01
56,CA-2011-125682,2013-11-22,First Class,Corporate,9.96
69,CA-2011-131905,2013-02-06,First Class,Corporate,321.56
127,CA-2011-163293,2013-09-08,First Class,Corporate,116.85
139,CA-2011-169684,2013-10-20,First Class,Corporate,426.942
154,CA-2012-104038,2014-02-06,First Class,Corporate,176.63
191,CA-2012-121720,2014-06-11,First Class,Corporate,3165.744
209,CA-2012-133396,2014-08-13,First Class,Corporate,64.68
224,CA-2012-140718,2014-07-02,First Class,Corporate,246.364
257,CA-2012-154746,2014-11-14,First Class,Corporate,860.07
264,CA-2012-156734,2014-06-18,First Class,Corporate,670.001
266,CA-2012-158323,2014-11-30,First Class,Corporate,17.088
319,CA-2013-112676,2015-05-06,First Class,Corporate,14.352
354,CA-2013-127208,2015-06-13,First Class,Corporate,224.9
366,CA-2013-133711,2015-11-27,First Class,Corporate,3236.41
413,CA-2013-153318,2015-10-26,First Class,Corporate,783.96
437,CA-2013-160598,2015-08-27,First Class,Corporate,31.008
442,CA-2013-162901,2015-03-29,First Class,Corporate,31.4
498,CA-2014-113481,2016-01-03,First Class,Corporate,740.214
506,CA-2014-115882,2016-09-14,First Class,Corporate,1017.136
512,CA-2014-117695,2016-08-05,First Class,Corporate,13.76
527,CA-2014-122707,2016-04-16,First Class,Corporate,503.22
532,CA-2014-123687,2016-05-26,First Class,Corporate,234.2
536,CA-2014-124828,2016-07-03,First Class,Corporate,9.552
558,CA-2014-129028,2016-04-01,First Class,Corporate,127.95
576,CA-2014-134810,2016-05-09,First Class,Corporate,272.232
613,CA-2014-147760,2016-11-04,First Class,Corporate,1883.724
637,CA-2014-155698,2016-03-08,First Class,Corporate,668.54
653,CA-2014-159464,2016-05-18,First Class,Corporate,524.85
667,CA-2014-161851,2016-04-15,First Class,Corporate,15.57
722,US-2012-131842,2014-12-05,First Class,Corporate,97.424
735,US-2013-101616,2015-09-04,First Class,Corporate,87.28
755,US-2013-140809,2015-02-01,First Class,Corporate,56.45
764,US-2013-153815,2015-11-07,First Class,Corporate,368.432
790,US-2014-128951,2016-07-15,First Class,Corporate,1065.84
813,US-2014-162208,2016-08-27,First Class,Corporate,2.896
,,,First Class,Corporate,20792.607
70,CA-2011-132010,2013-10-13,First Class,Home Office,389.74
76,CA-2011-136567,2013-12-20,First Class,Home Office,2884.37
82,CA-2011-140165,2013-05-13,First Class,Home Office,405.456
405,CA-2013-149454,2015-07-26,First Class,Home Office,10.44
429,CA-2013-159142,2015-04-05,First Class,Home Office,177.78
438,CA-2013-162159,2015-09-17,First Class,Home Office,121.78
521,CA-2014-121419,2016-04-02,First Class,Home Office,771.8
566,CA-2014-132213,2016-04-25,First Class,Home Office,109.968
598,CA-2014-144456,2016-09-08,First Class,Home Office,220.056
636,CA-2014-155292,2016-10-30,First Class,Home Office,204.98
767,US-2013-158309,2015-11-27,First Class,Home Office,3.744
814,US-2014-162558,2016-10-02,First Class,Home Office,2437.672
,,,First Class,Home Office,7737.786
29,CA-2011-113047,2013-10-24,Same Day,Consumer,11.85
38,CA-2011-116239,2013-03-04,Same Day,Consumer,354.9
65,CA-2011-130428,2013-03-31,Same Day,Consumer,1142.165
68,CA-2011-131541,2013-07-28,Same Day,Consumer,193.152
85,CA-2011-142951,2013-10-08,Same Day,Consumer,23.472
99,CA-2011-152254,2013-06-30,Same Day,Consumer,310.688
181,CA-2012-117884,2014-03-22,Same Day,Consumer,598.352
218,CA-2012-136224,2014-05-31,Same Day,Consumer,10.272
259,CA-2012-155068,2014-10-23,Same Day,Consumer,78.456
291,CA-2013-101378,2015-07-15,Same Day,Consumer,29.0
299,CA-2013-105256,2015-05-21,Same Day,Consumer,1363.96
303,CA-2013-106894,2015-02-07,Same Day,Consumer,107.83
355,CA-2013-127698,2015-12-02,Same Day,Consumer,863.928
392,CA-2013-143308,2015-11-05,Same Day,Consumer,10.74
394,CA-2013-144344,2015-10-29,Same Day,Consumer,314.393
411,CA-2013-152163,2015-07-02,Same Day,Consumer,85.5
412,CA-2013-152471,2015-07-09,Same Day,Consumer,839.944
431,CA-2013-159653,2015-05-23,Same Day,Consumer,14.73
476,CA-2014-103065,2016-10-20,Same Day,Consumer,59.824
528,CA-2014-122987,2016-08-16,Same Day,Consumer,80.564
599,CA-2014-144498,2016-05-06,Same Day,Consumer,817.829
649,CA-2014-158883,2016-06-02,Same Day,Consumer,25.344
692,US-2011-114377,2013-11-05,Same Day,Consumer,149.9
749,US-2013-134761,2015-12-01,Same Day,Consumer,36.192
760,US-2013-148803,2015-12-12,Same Day,Consumer,85.224
766,US-2013-156692,2015-08-14,Same Day,Consumer,89.32
786,US-2014-120607,2016-05-19,Same Day,Consumer,195.64
806,US-2014-152492,2016-07-06,Same Day,Consumer,239.24
,,,Same Day,Consumer,8132.409
117,CA-2011-158771,2013-05-09,Same Day,Corporate,158.71
359,CA-2013-130820,2015-11-16,Same Day,Corporate,630.024
661,CA-2014-161046,2016-03-05,Same Day,Corporate,839.25
721,US-2012-130519,2014-09-15,Same Day,Corporate,111.904
821,US-2014-168116,2016-11-04,Same Day,Corporate,8167.42
,,,Same Day,Corporate,9907.308
132,CA-2011-165806,2013-04-07,Same Day,Home Office,259.29
141,CA-2012-100769,2014-05-16,Same Day,Home Office,255.968
373,CA-2013-136126,2015-05-25,Same Day,Home Office,261.1
567,CA-2014-133095,2016-06-04,Same Day,Home Office,117.62
620,CA-2014-149146,2016-10-12,Same Day,Home Office,7.968
738,US-2013-108504,2015-02-05,Same Day,Home Office,2075.51
,,,Same Day,Home Office,2977.456
2,CA-2011-100706,2013-12-16,Second Class,Consumer,129.44
5,CA-2011-101266,2013-08-27,Second Class,Consumer,13.36
22,CA-2011-109232,2013-01-13,Second Class,Consumer,545.94
25,CA-2011-110422,2013-01-21,Second Class,Consumer,25.248
36,CA-2011-115357,2013-08-06,Second Class,Consumer,62.91
46,CA-2011-120768,2013-12-19,Second Class,Consumer,1979.89
51,CA-2011-123925,2013-12-17,Second Class,Consumer,40.05
53,CA-2011-124618,2013-05-02,Second Class,Consumer,479.984
58,CA-2011-127488,2013-09-22,Second Class,Consumer,4.608
66,CA-2011-130918,2013-08-22,Second Class,Consumer,7.632
71,CA-2011-132612,2013-06-09,Second Class,Consumer,1441.3
84,CA-2011-142727,2013-04-29,Second Class,Consumer,69.9
89,CA-2011-145576,2013-09-14,Second Class,Consumer,26.128
106,CA-2011-154158,2013-12-23,Second Class,Consumer,619.848
109,CA-2011-155852,2013-03-03,Second Class,Consumer,19.456
110,CA-2011-156006,2013-04-30,Second Class,Consumer,47.79
112,CA-2011-156790,2013-08-08,Second Class,Consumer,155.456
116,CA-2011-158470,2013-04-19,Second Class,Consumer,129.33
134,CA-2011-166457,2013-05-05,Second Class,Consumer,40.54
140,CA-2011-169775,2013-08-29,Second Class,Consumer,709.0425
163,CA-2012-109386,2014-11-08,Second Class,Consumer,750.93
167,CA-2012-110345,2014-03-09,Second Class,Consumer,4.608
178,CA-2012-116638,2014-01-28,Second Class,Consumer,4297.644
200,CA-2012-128027,2014-09-14,Second Class,Consumer,269.49
211,CA-2012-134257,2014-03-16,Second Class,Consumer,498.93
247,CA-2012-150749,2014-03-29,Second Class,Consumer,5.56
251,CA-2012-153325,2014-03-01,Second Class,Consumer,58.72
255,CA-2012-153752,2014-12-06,Second Class,Consumer,173.94
261,CA-2012-155600,2014-12-04,Second Class,Consumer,1635.018
288,CA-2012-169733,2014-10-22,Second Class,Consumer,9.952
293,CA-2013-101525,2015-05-02,Second Class,Consumer,140.52
310,CA-2013-109722,2015-12-06,Second Class,Consumer,1284.8
322,CA-2013-113292,2015-03-19,Second Class,Consumer,871.8
331,CA-2013-116918,2015-10-02,Second Class,Consumer,36.364
341,CA-2013-120873,2015-10-28,Second Class,Consumer,290.98
345,CA-2013-123176,2015-09-28,Second Class,Consumer,31.83
360,CA-2013-131065,2015-11-15,Second Class,Consumer,513.52
374,CA-2013-136231,2015-09-06,Second Class,Consumer,228.586
377,CA-2013-137043,2015-12-24,Second Class,Consumer,859.14
383,CA-2013-140543,2015-06-30,Second Class,Consumer,191.88
388,CA-2013-141180,2015-05-16,Second Class,Consumer,7.764
406,CA-2013-149783,2015-09-05,Second Class,Consumer,131.104
407,CA-2013-149979,2015-09-24,Second Class,Consumer,487.22
410,CA-2013-152156,2015-11-09,Second Class,Consumer,993.9
416,CA-2013-154690,2015-08-16,Second Class,Consumer,225.296
419,CA-2013-155670,2015-08-14,Second Class,Consumer,21.504
428,CA-2013-158841,2015-02-02,Second Class,Consumer,8805.04
432,CA-2013-159765,2015-05-10,Second Class,Consumer,27.86
440,CA-2013-162355,2015-07-01,Second Class,Consumer,1302.83
448,CA-2013-164735,2015-04-15,Second Class,Consumer,81.2
457,CA-2013-168753,2015-05-30,Second Class,Consumer,1002.7
458,CA-2013-168893,2015-11-04,Second Class,Consumer,903.77
461,CA-2013-169334,2015-10-22,Second Class,Consumer,111.672
467,CA-2014-101210,2016-08-25,Second Class,Consumer,13.152
468,CA-2014-101273,2016-08-27,Second Class,Consumer,14.336
469,CA-2014-101483,2016-07-29,Second Class,Consumer,61.216
471,CA-2014-102309,2016-09-23,Second Class,Consumer,212.91
485,CA-2014-107209,2016-07-27,Second Class,Consumer,194.848
486,CA-2014-107461,2016-12-21,Second Class,Consumer,23.88
500,CA-2014-113705,2016-03-27,Second Class,Consumer,874.8
530,CA-2014-123239,2016-07-27,Second Class,Consumer,91.032
548,CA-2014-127726,2016-09-11,Second Class,Consumer,209.88
553,CA-2014-128629,2016-07-10,Second Class,Consumer,18.84
554,CA-2014-128699,2016-12-03,Second Class,Consumer,47.992
557,CA-2014-129021,2016-08-23,Second Class,Consumer,4590.344
559,CA-2014-129462,2016-06-16,Second Class,Consumer,740.59
563,CA-2014-130834,2016-11-03,Second Class,Consumer,16.272
582,CA-2014-139353,2016-10-28,Second Class,Consumer,273.088
587,CA-2014-140088,2016-05-28,Second Class,Consumer,301.96
600,CA-2014-144694,2016-09-24,Second Class,Consumer,253.824
602,CA-2014-145310,2016-12-22,Second Class,Consumer,7.824
607,CA-2014-146458,2016-11-19,Second Class,Consumer,22.96
635,CA-2014-155159,2016-11-25,Second Class,Consumer,48.87
638,CA-2014-155705,2016-08-21,Second Class,Consumer,866.4
658,CA-2014-160458,2016-05-27,Second Class,Consumer,25.92
665,CA-2014-161200,2016-08-06,Second Class,Consumer,161.14
672,CA-2014-163321,2016-08-07,Second Class,Consumer,79.992
674,CA-2014-163510,2016-12-25,Second Class,Consumer,400.39
679,CA-2014-165204,2016-11-13,Second Class,Consumer,728.968
684,CA-2014-167941,2016-11-06,Second Class,Consumer,831.368
689,US-2011-102715,2013-04-11,Second Class,Consumer,737.2
694,US-2011-117135,2013-06-21,Second Class,Consumer,425.67
725,US-2012-136749,2014-12-25,Second Class,Consumer,433.78
730,US-2012-151435,2014-09-06,Second Class,Consumer,85.98
744,US-2013-120929,2015-03-19,Second Class,Consumer,189.882
756,US-2013-142251,2015-11-01,Second Class,Consumer,32.064
797,US-2014-135062,2016-08-31,Second Class,Consumer,229.544
809,US-2014-153633,2016-11-13,Second Class,Consumer,2.064
811,US-2014-158526,2016-12-29,Second Class,Consumer,1814.68
816,US-2014-163195,2016-02-18,Second Class,Consumer,29.16
820,US-2014-167920,2016-12-09,Second Class,Consumer,1827.51
,,,Second Class,Consumer,49724.2545
6,CA-2011-101560,2013-11-28,Second Class,Corporate,542.34
10,CA-2011-102988,2013-04-05,Second Class,Corporate,4251.92
24,CA-2011-110408,2013-10-18,Second Class,Corporate,2216.8
34,CA-2011-114790,2013-03-11,Second Class,Corporate,782.63
44,CA-2011-120432,2013-08-24,Second Class,Corporate,25.5
48,CA-2011-121286,2013-11-04,Second Class,Corporate,66.616
63,CA-2011-129819,2013-12-13,Second Class,Corporate,12.39
104,CA-2011-153913,2013-12-16,Second Class,Corporate,1015.816
124,CA-2011-162775,2013-01-13,Second Class,Corporate,1287.26
130,CA-2011-164910,2013-11-12,Second Class,Corporate,7.872
164,CA-2012-109470,2014-12-31,Second Class,Corporate,596.48
165,CA-2012-109708,2014-05-25,Second Class,Corporate,467.04
179,CA-2012-116750,2014-07-05,Second Class,Corporate,12.158
185,CA-2012-119592,2014-12-14,Second Class,Corporate,3.76
230,CA-2012-142202,2014-09-18,Second Class,Corporate,717.12
270,CA-2012-161445,2014-09-07,Second Class,Corporate,140.736
275,CA-2012-163237,2014-08-07,Second Class,Corporate,520.03
281,CA-2012-166604,2014-05-15,Second Class,Corporate,17.94
284,CA-2012-168004,2014-10-04,Second Class,Corporate,392.94
287,CA-2012-169677,2014-01-13,Second Class,Corporate,9.82
309,CA-2013-109407,2015-01-24,Second Class,Corporate,31.36
320,CA-2013-112697,2015-12-19,Second Class,Corporate,1410.066
321,CA-2013-113236,2015-05-27,Second Class,Corporate,232.624
344,CA-2013-122518,2015-03-05,Second Class,Corporate,10.08
369,CA-2013-134474,2015-01-05,Second Class,Corporate,255.904
393,CA-2013-143805,2015-12-02,Second Class,Corporate,2145.25
422,CA-2013-157161,2015-07-17,Second Class,Corporate,199.18
439,CA-2013-162236,2015-11-05,Second Class,Corporate,1106.924
441,CA-2013-162747,2015-03-21,Second Class,Corporate,86.45
443,CA-2013-163167,2015-11-29,Second Class,Corporate,2673.69
475,CA-2014-103009,2016-11-03,Second Class,Corporate,26.4
481,CA-2014-104864,2016-11-18,Second Class,Corporate,552.856
504,CA-2014-115070,2016-04-10,Second Class,Corporate,16.739
507,CA-2014-116113,2016-10-02,Second Class,Corporate,10.16
526,CA-2014-122693,2016-02-20,Second Class,Corporate,1245.86
550,CA-2014-128300,2016-11-24,Second Class,Corporate,406.94
569,CA-2014-133263,2016-03-31,Second Class,Corporate,3098.61
574,CA-2014-134495,2016-04-01,Second Class,Corporate,269.4
575,CA-2014-134649,2016-01-27,Second Class,Corporate,22.63
594,CA-2014-143567,2016-11-02,Second Class,Corporate,3291.07
603,CA-2014-145702,2016-05-19,Second Class,Corporate,342.24
629,CA-2014-153339,2016-11-03,Second Class,Corporate,15.992
630,CA-2014-153654,2016-11-24,Second Class,Corporate,19.008
646,CA-2014-158561,2016-11-11,Second Class,Corporate,1158.12
726,US-2012-140851,2014-07-13,Second Class,Corporate,38.88
729,US-2012-149629,2014-07-17,Second Class,Corporate,231.92
753,US-2013-138408,2015-11-19,Second Class,Corporate,1319.96
769,US-2013-161844,2015-12-10,Second Class,Corporate,82.92
781,US-2014-109610,2016-11-25,Second Class,Corporate,701.96
815,US-2014-162670,2016-12-23,Second Class,Corporate,1152.87
,,,Second Class,Corporate,35243.231
113,CA-2011-157609,2013-03-16,Second Class,Home Office,471.92
115,CA-2011-158274,2013-11-19,Second Class,Home Office,682.91
176,CA-2012-115847,2014-09-19,Second Class,Home Office,61.96
210,CA-2012-133977,2014-09-06,Second Class,Home Office,3.444
215,CA-2012-134992,2014-09-22,Second Class,Home Office,80.38
225,CA-2012-140830,2014-11-30,Second Class,Home Office,89.36
253,CA-2012-153549,2014-03-29,Second Class,Home Office,1166.92
308,CA-2013-109344,2015-02-08,Second Class,Home Office,1127.976
356,CA-2013-127985,2015-04-02,Second Class,Home Office,7.04
387,CA-2013-140977,2015-06-17,Second Class,Home Office,91.475
404,CA-2013-149111,2015-04-18,Second Class,Home Office,55.416
446,CA-2013-164350,2015-09-11,Second Class,Home Office,67.56
501,CA-2014-114055,2016-12-25,Second Class,Home Office,819.28
590,CA-2014-141446,2016-09-16,Second Class,Home Office,18.0
593,CA-2014-142671,2016-11-10,Second Class,Home Office,11.52
618,CA-2014-148922,2016-12-10,Second Class,Home Office,684.78
643,CA-2014-157931,2016-09-17,Second Class,Home Office,830.24
660,CA-2014-160899,2016-08-11,Second Class,Home Office,477.51
717,US-2012-113327,2014-05-26,Second Class,Home Office,352.168
750,US-2013-135209,2015-12-30,Second Class,Home Office,62.752
774,US-2013-168620,2015-12-25,Second Class,Home Office,823.61
803,US-2014-148768,2016-11-30,Second Class,Home Office,71.976
812,US-2014-159205,2016-03-31,Second Class,Home Office,732.93
,,,Second Class,Home Office,8791.127
3,CA-2011-100895,2013-06-02,Standard Class,Consumer,605.47
15,CA-2011-104283,2013-06-27,Standard Class,Consumer,616.14
18,CA-2011-107573,2013-12-12,Standard Class,Consumer,23.472
23,CA-2011-110100,2013-04-25,Standard Class,Consumer,302.376
33,CA-2011-114335,2013-09-28,Standard Class,Consumer,337.088
37,CA-2011-116190,2013-07-26,Standard Class,Consumer,256.48
39,CA-2011-116407,2013-11-15,Standard Class,Consumer,362.176
40,CA-2011-116568,2013-12-14,Standard Class,Consumer,186.304
41,CA-2011-117016,2013-03-04,Standard Class,Consumer,15.552
47,CA-2011-120950,2013-11-06,Standard Class,Consumer,43.68
50,CA-2011-123400,2013-02-02,Standard Class,Consumer,199.296
57,CA-2011-127299,2013-09-19,Standard Class,Consumer,2692.329
59,CA-2011-127614,2013-02-11,Standard Class,Consumer,1508.13
60,CA-2011-128839,2013-09-08,Standard Class,Consumer,254.97
67,CA-2011-131527,2013-12-01,Standard Class,Consumer,95.968
73,CA-2011-134551,2013-12-20,Standard Class,Consumer,732.312
79,CA-2011-138296,2013-12-05,Standard Class,Consumer,24.56
81,CA-2011-138709,2013-07-04,Standard Class,Consumer,37.44
83,CA-2011-140886,2013-09-30,Standard Class,Consumer,69.216
86,CA-2011-143182,2013-10-15,Standard Class,Consumer,15.384
87,CA-2011-143840,2013-05-22,Standard Class,Consumer,180.93
90,CA-2011-146731,2013-11-03,Standard Class,Consumer,147.344
96,CA-2011-149958,2013-03-15,Standard Class,Consumer,370.782
100,CA-2011-152268,2013-09-02,Standard Class,Consumer,1793.98
108,CA-2011-155390,2013-12-06,Standard Class,Consumer,42.208
118,CA-2011-159184,2013-09-14,Standard Class,Consumer,149.56
119,CA-2011-159681,2013-12-07,Standard Class,Consumer,105.52
123,CA-2011-161634,2013-11-14,Standard Class,Consumer,32.4
125,CA-2011-163013,2013-11-28,Standard Class,Consumer,14.67
128,CA-2011-164315,2013-04-02,Standard Class,Consumer,1220.67
131,CA-2011-165764,2013-11-03,Standard Class,Consumer,1395.673
133,CA-2011-166051,2013-05-31,Standard Class,Consumer,773.7
138,CA-2011-169257,2013-06-06,Standard Class,Consumer,63.381
142,CA-2012-100888,2014-04-06,Standard Class,Consumer,47.952
143,CA-2012-101868,2014-06-09,Standard Class,Consumer,175.32
145,CA-2012-102491,2014-08-24,Standard Class,Consumer,3747.93
146,CA-2012-102582,2014-09-15,Standard Class,Consumer,1918.79
149,CA-2012-103093,2014-02-03,Standard Class,Consumer,74.52
155,CA-2012-104115,2014-06-12,Standard Class,Consumer,55.984
160,CA-2012-107678,2014-04-21,Standard Class,Consumer,893.09
161,CA-2012-108119,2014-11-01,Standard Class,Consumer,301.96
166,CA-2012-110247,2014-12-04,Standard Class,Consumer,8.226
169,CA-2012-111199,2014-11-13,Standard Class,Consumer,115.296
170,CA-2012-111703,2014-07-02,Standard Class,Consumer,27.504
171,CA-2012-112375,2014-12-21,Standard Class,Consumer,78.192
173,CA-2012-114300,2014-10-13,Standard Class,Consumer,371.66
174,CA-2012-114503,2014-11-13,Standard Class,Consumer,84.96
177,CA-2012-115938,2014-06-26,Standard Class,Consumer,535.36
182,CA-2012-118444,2014-11-05,Standard Class,Consumer,387.136
183,CA-2012-118843,2014-09-13,Standard Class,Consumer,199.86
184,CA-2012-119480,2014-01-09,Standard Class,Consumer,364.07
186,CA-2012-119634,2014-08-11,Standard Class,Consumer,46.152
187,CA-2012-120516,2014-08-13,Standard Class,Consumer,5.64
188,CA-2012-120621,2014-03-21,Standard Class,Consumer,1270.379
193,CA-2012-122266,2014-04-26,Standard Class,Consumer,194.1395
194,CA-2012-123092,2014-12-03,Standard Class,Consumer,288.85
195,CA-2012-123330,2014-06-21,Standard Class,Consumer,107.976
197,CA-2012-125563,2014-04-11,Standard Class,Consumer,121.888
199,CA-2012-125976,2014-09-27,Standard Class,Consumer,2026.78
202,CA-2012-128139,2014-07-03,Standard Class,Consumer,365.91
204,CA-2012-129098,2014-10-09,Standard Class,Consumer,30.84
208,CA-2012-133242,2014-06-18,Standard Class,Consumer,1046.47
212,CA-2012-134719,2014-10-10,Standard Class,Consumer,1801.632
213,CA-2012-134782,2014-12-27,Standard Class,Consumer,105.42
214,CA-2012-134894,2014-12-07,Standard Class,Consumer,436.86
217,CA-2012-136147,2014-11-13,Standard Class,Consumer,233.064
222,CA-2012-138457,2014-09-13,Standard Class,Consumer,13.092
226,CA-2012-141145,2014-09-17,Standard Class,Consumer,87.168
228,CA-2012-141565,2014-09-20,Standard Class,Consumer,1664.132
231,CA-2012-142755,2014-09-04,Standard Class,Consumer,919.49
232,CA-2012-143119,2014-09-24,Standard Class,Consumer,517.5
233,CA-2012-143532,2014-03-19,Standard Class,Consumer,14.496
234,CA-2012-144288,2014-12-25,Standard Class,Consumer,19.584
236,CA-2012-145352,2014-03-16,Standard Class,Consumer,6412.77
240,CA-2012-147879,2014-05-07,Standard Class,Consumer,45.68
241,CA-2012-148705,2014-03-12,Standard Class,Consumer,5.04
248,CA-2012-151547,2014-01-17,Standard Class,Consumer,88.96
252,CA-2012-153535,2014-05-20,Standard Class,Consumer,169.544
254,CA-2012-153626,2014-07-09,Standard Class,Consumer,5.16
262,CA-2012-155635,2014-05-09,Standard Class,Consumer,48.81
263,CA-2012-156328,2014-11-30,Standard Class,Consumer,177.48
265,CA-2012-158148,2014-12-20,Standard Class,Consumer,36.27
267,CA-2012-158421,2014-09-21,Standard Class,Consumer,3631.96
273,CA-2012-162537,2014-10-28,Standard Class,Consumer,104.51
274,CA-2012-162761,2014-10-09,Standard Class,Consumer,50.462
277,CA-2012-163965,2014-11-20,Standard Class,Consumer,377.902
280,CA-2012-165624,2014-08-23,Standard Class,Consumer,1142.43
283,CA-2012-167696,2014-09-16,Standard Class,Consumer,31.12
285,CA-2012-168459,2014-11-22,Standard Class,Consumer,58.05
289,CA-2012-169740,2014-02-20,Standard Class,Consumer,29.99
292,CA-2013-101469,2015-07-03,Standard Class,Consumer,7.7
295,CA-2013-102162,2015-09-12,Standard Class,Consumer,1611.01
297,CA-2013-104157,2015-07-26,Standard Class,Consumer,2503.47
298,CA-2013-104276,2015-11-28,Standard Class,Consumer,447.783
304,CA-2013-106950,2015-09-03,Standard Class,Consumer,1854.241
305,CA-2013-108105,2015-02-16,Standard Class,Consumer,323.88
306,CA-2013-108567,2015-05-21,Standard Class,Consumer,2.694
307,CA-2013-108616,2015-09-30,Standard Class,Consumer,298.83
315,CA-2013-111409,2015-09-19,Standard Class,Consumer,3.0
316,CA-2013-111605,2015-12-28,Standard Class,Consumer,2.61
317,CA-2013-112102,2015-04-13,Standard Class,Consumer,448.81
323,CA-2013-113733,2015-12-09,Standard Class,Consumer,334.256
324,CA-2013-113747,2015-05-29,Standard Class,Consumer,185.88
329,CA-2013-116232,2015-09-23,Standard Class,Consumer,24.066
332,CA-2013-117604,2015-09-05,Standard Class,Consumer,239.5
335,CA-2013-118514,2015-02-03,Standard Class,Consumer,866.4
336,CA-2013-118626,2015-08-16,Standard Class,Consumer,705.544
343,CA-2013-121958,2015-11-14,Standard Class,Consumer,52.136
361,CA-2013-131205,2015-09-05,Standard Class,Consumer,291.74
363,CA-2013-132549,2015-11-26,Standard Class,Consumer,73.36
364,CA-2013-133123,2015-09-07,Standard Class,Consumer,99.156
365,CA-2013-133368,2015-01-14,Standard Class,Consumer,405.344
368,CA-2013-134208,2015-09-18,Standard Class,Consumer,396.0
372,CA-2013-135636,2015-10-09,Standard Class,Consumer,387.72
376,CA-2013-136483,2015-12-02,Standard Class,Consumer,4.704
378,CA-2013-137736,2015-11-11,Standard Class,Consumer,41.86
381,CA-2013-139381,2015-04-19,Standard Class,Consumer,233.48
385,CA-2013-140641,2015-10-29,Standard Class,Consumer,38.19
390,CA-2013-142370,2015-09-20,Standard Class,Consumer,254.99
391,CA-2013-142895,2015-07-22,Standard Class,Consumer,370.184
398,CA-2013-145905,2015-09-19,Standard Class,Consumer,1264.14
399,CA-2013-146143,2015-12-15,Standard Class,Consumer,133.38
400,CA-2013-146150,2015-02-14,Standard Class,Consumer,264.18
403,CA-2013-148684,2015-12-26,Standard Class,Consumer,870.04
408,CA-2013-150000,2015-04-09,Standard Class,Consumer,17.92
414,CA-2013-154060,2015-05-03,Standard Class,Consumer,187.056
417,CA-2013-155138,2015-09-09,Standard Class,Consumer,99.872
420,CA-2013-156503,2015-10-15,Standard Class,Consumer,305.248
421,CA-2013-156573,2015-05-30,Standard Class,Consumer,60.485
423,CA-2013-157245,2015-05-20,Standard Class,Consumer,641.96
426,CA-2013-157588,2015-07-15,Standard Class,Consumer,88.15
434,CA-2013-159989,2015-12-10,Standard Class,Consumer,40.68
435,CA-2013-160234,2015-06-27,Standard Class,Consumer,135.95
436,CA-2013-160486,2015-12-31,Standard Class,Consumer,72.224
444,CA-2013-163174,2015-08-27,Standard Class,Consumer,186.54
445,CA-2013-163776,2015-07-20,Standard Class,Consumer,1110.5
447,CA-2013-164574,2015-07-30,Standard Class,Consumer,732.156
453,CA-2013-166282,2015-04-17,Standard Class,Consumer,158.256
455,CA-2013-166485,2015-02-20,Standard Class,Consumer,16.496
456,CA-2013-168536,2015-12-21,Standard Class,Consumer,66.3
460,CA-2013-169103,2015-03-09,Standard Class,Consumer,1466.32
463,CA-2014-100426,2016-06-04,Standard Class,Consumer,12.48
464,CA-2014-100622,2016-11-03,Standard Class,Consumer,1030.742
465,CA-2014-100902,2016-11-17,Standard Class,Consumer,699.4
466,CA-2014-101042,2016-11-19,Standard Class,Consumer,843.84
470,CA-2014-102204,2016-05-01,Standard Class,Consumer,3740.51
473,CA-2014-102610,2016-11-04,Standard Class,Consumer,248.396
474,CA-2014-102736,2016-09-05,Standard Class,Consumer,177.08
478,CA-2014-103499,2016-11-20,Standard Class,Consumer,209.568
480,CA-2014-104731,2016-07-21,Standard Class,Consumer,951.98
483,CA-2014-106537,2016-08-12,Standard Class,Consumer,20.736
487,CA-2014-108035,2016-11-29,Standard Class,Consumer,491.888
488,CA-2014-108112,2016-11-15,Standard Class,Consumer,559.2
491,CA-2014-109183,2016-12-04,Standard Class,Consumer,649.0
496,CA-2014-110926,2016-11-19,Standard Class,Consumer,25.06
502,CA-2014-114412,2016-04-15,Standard Class,Consumer,15.552
503,CA-2014-114636,2016-08-25,Standard Class,Consumer,192.16
508,CA-2014-116855,2016-12-17,Standard Class,Consumer,504.9
509,CA-2014-116939,2016-09-25,Standard Class,Consumer,177.55
510,CA-2014-117079,2016-10-23,Standard Class,Consumer,863.88
511,CA-2014-117198,2016-08-31,Standard Class,Consumer,659.9
513,CA-2014-118402,2016-09-29,Standard Class,Consumer,243.92
514,CA-2014-119004,2016-11-23,Standard Class,Consumer,105.408
516,CA-2014-119305,2016-11-30,Standard Class,Consumer,173.8
517,CA-2014-119669,2016-01-25,Standard Class,Consumer,5.67
519,CA-2014-120894,2016-04-28,Standard Class,Consumer,28.08
522,CA-2014-121804,2016-03-03,Standard Class,Consumer,72.8
524,CA-2014-122056,2016-06-13,Standard Class,Consumer,181.86
531,CA-2014-123351,2016-09-21,Standard Class,Consumer,80.48
533,CA-2014-124296,2016-12-24,Standard Class,Consumer,712.85
535,CA-2014-124765,2016-11-25,Standard Class,Consumer,723.92
542,CA-2014-126354,2016-02-04,Standard Class,Consumer,119.178
545,CA-2014-126914,2016-06-15,Standard Class,Consumer,776.08
546,CA-2014-127306,2016-01-15,Standard Class,Consumer,175.086
551,CA-2014-128363,2016-08-13,Standard Class,Consumer,2382.926
555,CA-2014-128755,2016-05-04,Standard Class,Consumer,629.86
562,CA-2014-130309,2016-12-17,Standard Class,Consumer,544.38
564,CA-2014-130904,2016-04-11,Standard Class,Consumer,22.744
565,CA-2014-132185,2016-11-27,Standard Class,Consumer,52.344
570,CA-2014-133501,2016-08-27,Standard Class,Consumer,5.184
571,CA-2014-133641,2016-05-14,Standard Class,Consumer,48.69
572,CA-2014-133928,2016-06-11,Standard Class,Consumer,4.572
577,CA-2014-135587,2016-12-07,Standard Class,Consumer,372.64
579,CA-2014-137631,2016-04-28,Standard Class,Consumer,751.984
581,CA-2014-138975,2016-05-19,Standard Class,Consumer,2361.52
583,CA-2014-139493,2016-09-13,Standard Class,Consumer,15.92
586,CA-2014-139948,2016-07-17,Standard Class,Consumer,7.904
588,CA-2014-140627,2016-12-23,Standard Class,Consumer,303.32
589,CA-2014-140872,2016-06-03,Standard Class,Consumer,1111.698
592,CA-2014-142090,2016-11-30,Standard Class,Consumer,2165.658
596,CA-2014-143861,2016-06-12,Standard Class,Consumer,17.088
597,CA-2014-144365,2016-10-24,Standard Class,Consumer,11.68
601,CA-2014-145275,2016-04-02,Standard Class,Consumer,14.94
604,CA-2014-145737,2016-09-15,Standard Class,Consumer,163.96
605,CA-2014-146136,2016-09-03,Standard Class,Consumer,24.448
606,CA-2014-146192,2016-04-22,Standard Class,Consumer,675.06
609,CA-2014-146983,2016-09-02,Standard Class,Consumer,1577.94
610,CA-2014-147228,2016-09-09,Standard Class,Consumer,458.984
619,CA-2014-148999,2016-01-31,Standard Class,Consumer,419.136
621,CA-2014-149853,2016-10-03,Standard Class,Consumer,33.472
622,CA-2014-150910,2016-12-22,Standard Class,Consumer,1090.348
627,CA-2014-152786,2016-03-12,Standard Class,Consumer,40.41
628,CA-2014-152968,2016-05-26,Standard Class,Consumer,23.08
631,CA-2014-154088,2016-11-12,Standard Class,Consumer,26.72
644,CA-2014-158386,2016-10-16,Standard Class,Consumer,124.75
648,CA-2014-158743,2016-10-20,Standard Class,Consumer,199.17
655,CA-2014-159954,2016-09-10,Standard Class,Consumer,2.78
668,CA-2014-161970,2016-09-22,Standard Class,Consumer,30.9
670,CA-2014-162173,2016-10-26,Standard Class,Consumer,608.43
680,CA-2014-165687,2016-11-17,Standard Class,Consumer,35.04
681,CA-2014-165715,2016-12-02,Standard Class,Consumer,32.776
683,CA-2014-167871,2016-11-18,Standard Class,Consumer,47.328
687,CA-2014-169005,2016-11-02,Standard Class,Consumer,5.56
693,US-2011-115196,2013-09-09,Standard Class,Consumer,1299.99
695,US-2011-117170,2013-09-17,Standard Class,Consumer,52.608
701,US-2011-147627,2013-01-20,Standard Class,Consumer,1859.4
703,US-2011-150574,2013-12-19,Standard Class,Consumer,252.612
705,US-2011-155544,2013-03-21,Standard Class,Consumer,310.528
708,US-2011-156559,2013-08-19,Standard Class,Consumer,638.82
710,US-2011-158057,2013-03-22,Standard Class,Consumer,59.109
712,US-2011-165659,2013-06-01,Standard Class,Consumer,904.13
713,US-2011-167633,2013-09-30,Standard Class,Consumer,15.552
715,US-2012-108966,2014-10-11,Standard Class,Consumer,979.9455
718,US-2012-120572,2014-12-11,Standard Class,Consumer,12.828
719,US-2012-123960,2014-06-11,Standard Class,Consumer,207.82
720,US-2012-129553,2014-07-27,Standard Class,Consumer,29.97
723,US-2012-134026,2014-04-26,Standard Class,Consumer,1001.76
727,US-2012-145436,2014-02-28,Standard Class,Consumer,551.264
732,US-2012-164357,2014-11-25,Standard Class,Consumer,13.12
733,US-2012-168732,2014-12-10,Standard Class,Consumer,129.64
734,US-2012-168935,2014-11-27,Standard Class,Consumer,459.4335
745,US-2013-121013,2015-09-06,Standard Class,Consumer,1678.0
748,US-2013-132857,2015-12-12,Standard Class,Consumer,6.672
751,US-2013-135923,2015-01-22,Standard Class,Consumer,530.272
752,US-2013-137295,2015-01-08,Standard Class,Consumer,187.228
759,US-2013-147991,2015-05-06,Standard Class,Consumer,16.72
771,US-2013-164588,2015-04-17,Standard Class,Consumer,12.84
775,US-2013-169369,2015-12-13,Standard Class,Consumer,299.07
777,US-2014-102904,2016-11-13,Standard Class,Consumer,239.92
778,US-2014-105935,2016-01-27,Standard Class,Consumer,3002.65
784,US-2014-117450,2016-09-04,Standard Class,Consumer,107.552
788,US-2014-126179,2016-07-03,Standard Class,Consumer,311.96
796,US-2014-134642,2016-02-26,Standard Class,Consumer,428.704
799,US-2014-135986,2016-06-20,Standard Class,Consumer,536.36
800,US-2014-136189,2016-12-07,Standard Class,Consumer,82.38
801,US-2014-146822,2016-06-09,Standard Class,Consumer,49.12
802,US-2014-146878,2016-09-21,Standard Class,Consumer,12.294
805,US-2014-149510,2016-12-03,Standard Class,Consumer,98.446
807,US-2014-152842,2016-07-16,Standard Class,Consumer,242.352
808,US-2014-152898,2016-09-11,Standard Class,Consumer,67.9
817,US-2014-165953,2016-01-01,Standard Class,Consumer,71.096
818,US-2014-166233,2016-07-03,Standard Class,Consumer,24.0
822,US-2014-168690,2016-01-08,Standard Class,Consumer,2.808
,,,Standard Class,Consumer,116922.1345
4,CA-2011-100916,2013-10-21,Standard Class,Corporate,788.86
7,CA-2011-101770,2013-03-31,Standard Class,Corporate,1.869
8,CA-2011-102274,2013-11-21,Standard Class,Corporate,865.5
9,CA-2011-102673,2013-11-01,Standard Class,Corporate,1044.44
13,CA-2011-103807,2013-12-02,Standard Class,Corporate,21.19
17,CA-2011-106810,2013-05-14,Standard Class,Corporate,310.88
19,CA-2011-107811,2013-04-29,Standard Class,Corporate,661.504
26,CA-2011-111500,2013-08-17,Standard Class,Corporate,484.79
28,CA-2011-112718,2013-12-16,Standard Class,Corporate,1.167
31,CA-2011-114314,2013-10-11,Standard Class,Corporate,16.23
32,CA-2011-114321,2013-08-20,Standard Class,Corporate,1417.35
35,CA-2011-115084,2013-10-18,Standard Class,Corporate,605.34
42,CA-2011-117345,2013-08-01,Standard Class,Corporate,202.896
43,CA-2011-117639,2013-05-21,Standard Class,Corporate,3333.9
55,CA-2011-125136,2013-09-28,Standard Class,Corporate,106.944
61,CA-2011-128846,2013-04-07,Standard Class,Corporate,752.92
62,CA-2011-129091,2013-11-22,Standard Class,Corporate,1022.61
75,CA-2011-136336,2013-04-21,Standard Class,Corporate,828.84
78,CA-2011-137911,2013-10-09,Standard Class,Corporate,88.768
80,CA-2011-138527,2013-09-12,Standard Class,Corporate,192.424
91,CA-2011-146885,2013-05-30,Standard Class,Corporate,13.62
93,CA-2011-148425,2013-11-30,Standard Class,Corporate,6.642
94,CA-2011-149020,2013-01-10,Standard Class,Corporate,54.83
95,CA-2011-149538,2013-04-04,Standard Class,Corporate,364.93
97,CA-2011-151953,2013-09-20,Standard Class,Corporate,2.816
98,CA-2011-151967,2013-10-22,Standard Class,Corporate,129.92
101,CA-2011-152562,2013-11-01,Standard Class,Corporate,75.16
102,CA-2011-152849,2013-07-05,Standard Class,Corporate,4.368
103,CA-2011-153087,2013-12-27,Standard Class,Corporate,521.92
107,CA-2011-155208,2013-04-16,Standard Class,Corporate,39.072
121,CA-2011-160276,2013-04-02,Standard Class,Corporate,177.68
122,CA-2011-160773,2013-07-01,Standard Class,Corporate,581.104
126,CA-2011-163223,2013-03-21,Standard Class,Corporate,3769.56
137,CA-2011-167850,2013-08-09,Standard Class,Corporate,193.936
152,CA-2012-103793,2014-03-26,Standard Class,Corporate,74.352
153,CA-2012-103870,2014-12-27,Standard Class,Corporate,284.44
156,CA-2012-104241,2014-01-04,Standard Class,Corporate,192.22
157,CA-2012-104941,2014-06-13,Standard Class,Corporate,976.29
158,CA-2012-105571,2014-11-07,Standard Class,Corporate,1361.631
159,CA-2012-106187,2014-06-23,Standard Class,Corporate,268.4
162,CA-2012-108259,2014-11-08,Standard Class,Corporate,81.135
172,CA-2012-113628,2014-11-12,Standard Class,Corporate,792.508
189,CA-2012-120845,2014-09-25,Standard Class,Corporate,22.549
190,CA-2012-121552,2014-03-22,Standard Class,Corporate,19.56
192,CA-2012-122168,2014-08-21,Standard Class,Corporate,53.28
196,CA-2012-125066,2014-12-14,Standard Class,Corporate,62.46
201,CA-2012-128083,2014-03-12,Standard Class,Corporate,45.976
206,CA-2012-131422,2014-11-05,Standard Class,Corporate,207.0
219,CA-2012-137106,2014-03-31,Standard Class,Corporate,79.96
220,CA-2012-137281,2014-06-13,Standard Class,Corporate,6.48
237,CA-2012-147011,2014-06-18,Standard Class,Corporate,13.632
238,CA-2012-147102,2014-09-19,Standard Class,Corporate,66.36
239,CA-2012-147529,2014-02-07,Standard Class,Corporate,324.11
243,CA-2012-149342,2014-04-20,Standard Class,Corporate,896.31
244,CA-2012-149734,2014-09-03,Standard Class,Corporate,200.984
245,CA-2012-150308,2014-12-15,Standard Class,Corporate,246.168
249,CA-2012-151624,2014-09-08,Standard Class,Corporate,21.36
250,CA-2012-153038,2014-12-18,Standard Class,Corporate,94.688
256,CA-2012-154291,2014-07-25,Standard Class,Corporate,457.04
258,CA-2012-154921,2014-05-23,Standard Class,Corporate,186.69
260,CA-2012-155453,2014-08-09,Standard Class,Corporate,4.608
269,CA-2012-160696,2014-09-06,Standard Class,Corporate,7.24
271,CA-2012-161998,2014-05-01,Standard Class,Corporate,277.632
272,CA-2012-162201,2014-06-08,Standard Class,Corporate,937.608
278,CA-2012-164427,2014-07-31,Standard Class,Corporate,239.7
282,CA-2012-166975,2014-11-26,Standard Class,Corporate,692.472
286,CA-2012-169572,2014-09-06,Standard Class,Corporate,46.62
302,CA-2013-106558,2015-01-17,Standard Class,Corporate,316.0
311,CA-2013-109743,2015-09-23,Standard Class,Corporate,104.712
312,CA-2013-109911,2015-05-13,Standard Class,Corporate,10.96
318,CA-2013-112277,2015-09-11,Standard Class,Corporate,519.68
325,CA-2013-113831,2015-05-31,Standard Class,Corporate,4317.3
326,CA-2013-113845,2015-11-21,Standard Class,Corporate,574.056
327,CA-2013-114713,2015-07-08,Standard Class,Corporate,45.584
328,CA-2013-115504,2015-03-13,Standard Class,Corporate,12.96
330,CA-2013-116764,2015-08-28,Standard Class,Corporate,9.216
333,CA-2013-118073,2015-08-13,Standard Class,Corporate,562.2925
334,CA-2013-118178,2015-03-20,Standard Class,Corporate,31.086
338,CA-2013-119074,2015-03-28,Standard Class,Corporate,92.7
348,CA-2013-123617,2015-11-29,Standard Class,Corporate,7.434
349,CA-2013-123946,2015-09-13,Standard Class,Corporate,1159.06
350,CA-2013-124254,2015-04-13,Standard Class,Corporate,191.808
352,CA-2013-125017,2015-02-06,Standard Class,Corporate,132.224
357,CA-2013-130001,2015-04-24,Standard Class,Corporate,36.24
370,CA-2013-134516,2015-09-21,Standard Class,Corporate,115.48
379,CA-2013-138695,2015-05-29,Standard Class,Corporate,452.464
382,CA-2013-139689,2015-12-30,Standard Class,Corporate,40.896
386,CA-2013-140928,2015-09-19,Standard Class,Corporate,383.438
389,CA-2013-142097,2015-10-16,Standard Class,Corporate,342.76
397,CA-2013-145709,2015-10-05,Standard Class,Corporate,64.248
427,CA-2013-157763,2015-07-19,Standard Class,Corporate,140.81
450,CA-2013-165316,2015-07-24,Standard Class,Corporate,324.387
452,CA-2013-165827,2015-11-05,Standard Class,Corporate,50.496
454,CA-2013-166380,2015-05-31,Standard Class,Corporate,138.53
479,CA-2014-104318,2016-05-13,Standard Class,Corporate,20.768
484,CA-2014-107167,2016-06-10,Standard Class,Corporate,1347.52
490,CA-2014-108322,2016-04-30,Standard Class,Corporate,26.056
495,CA-2014-110310,2016-10-27,Standard Class,Corporate,68.967
515,CA-2014-119284,2016-06-15,Standard Class,Corporate,2942.784
539,CA-2014-125745,2016-06-30,Standard Class,Corporate,19.52
541,CA-2014-126046,2016-11-03,Standard Class,Corporate,12.39
543,CA-2014-126382,2016-06-03,Standard Class,Corporate,35.168
549,CA-2014-127803,2016-05-19,Standard Class,Corporate,26.16
556,CA-2014-128769,2016-09-07,Standard Class,Corporate,81.568
578,CA-2014-136826,2016-06-16,Standard Class,Corporate,14.016
584,CA-2014-139619,2016-09-19,Standard Class,Corporate,95.616
591,CA-2014-141614,2016-06-05,Standard Class,Corporate,20.736
611,CA-2014-147333,2016-12-14,Standard Class,Corporate,204.55
612,CA-2014-147361,2016-09-09,Standard Class,Corporate,685.26
617,CA-2014-148810,2016-06-26,Standard Class,Corporate,287.424
626,CA-2014-151855,2016-05-27,Standard Class,Corporate,39.252
633,CA-2014-154816,2016-11-06,Standard Class,Corporate,5.78
639,CA-2014-155824,2016-03-10,Standard Class,Corporate,61.876
640,CA-2014-156272,2016-03-21,Standard Class,Corporate,64.384
642,CA-2014-157854,2016-04-08,Standard Class,Corporate,2747.25
645,CA-2014-158407,2016-06-04,Standard Class,Corporate,103.968
651,CA-2014-159100,2016-10-16,Standard Class,Corporate,1893.786
656,CA-2014-160017,2016-09-28,Standard Class,Corporate,10.368
659,CA-2014-160724,2016-05-05,Standard Class,Corporate,34.5
664,CA-2014-161130,2016-11-03,Standard Class,Corporate,361.376
666,CA-2014-161592,2016-04-06,Standard Class,Corporate,8.1
675,CA-2014-163629,2016-11-17,Standard Class,Corporate,286.09
676,CA-2014-164756,2016-09-18,Standard Class,Corporate,997.83
677,CA-2014-164917,2016-12-02,Standard Class,Corporate,47.96
678,CA-2014-165029,2016-11-26,Standard Class,Corporate,12.84
685,CA-2014-168102,2016-04-24,Standard Class,Corporate,113.568
686,CA-2014-168389,2016-12-11,Standard Class,Corporate,873.811
688,CA-2014-169012,2016-07-10,Standard Class,Corporate,41.91
690,US-2011-107405,2013-03-21,Standard Class,Corporate,16.272
691,US-2011-109162,2013-06-08,Standard Class,Corporate,170.352
696,US-2011-118997,2013-04-08,Standard Class,Corporate,1215.92
700,US-2011-143581,2013-08-19,Standard Class,Corporate,344.91
702,US-2011-147774,2013-01-20,Standard Class,Corporate,67.194
707,US-2011-156216,2013-09-13,Standard Class,Corporate,18.648
709,US-2011-157231,2013-04-05,Standard Class,Corporate,115.36
711,US-2011-164763,2013-03-17,Standard Class,Corporate,103.5
716,US-2012-112508,2014-03-24,Standard Class,Corporate,6.992
724,US-2012-136476,2014-04-05,Standard Class,Corporate,157.794
728,US-2012-148817,2014-12-01,Standard Class,Corporate,125.64
731,US-2012-158911,2014-07-05,Standard Class,Corporate,16.712
736,US-2013-102232,2015-08-06,Standard Class,Corporate,197.05
757,US-2013-144393,2015-10-29,Standard Class,Corporate,17.616
761,US-2013-148901,2015-05-15,Standard Class,Corporate,191.018
762,US-2013-150357,2015-10-11,Standard Class,Corporate,24.703
763,US-2013-150567,2015-05-18,Standard Class,Corporate,29.97
768,US-2013-159415,2015-04-18,Standard Class,Corporate,79.12
772,US-2013-164630,2015-01-04,Standard Class,Corporate,959.968
783,US-2014-115252,2016-10-20,Standard Class,Corporate,30.336
787,US-2014-126060,2016-04-14,Standard Class,Corporate,198.272
789,US-2014-128118,2016-11-24,Standard Class,Corporate,76.521
798,US-2014-135503,2016-12-10,Standard Class,Corporate,14.76
819,US-2014-166611,2016-03-28,Standard Class,Corporate,68.742
,,,Standard Class,Corporate,55942.7865
1,CA-2011-100293,2013-03-14,Standard Class,Home Office,91.056
20,CA-2011-108707,2013-10-24,Standard Class,Home Office,10.368
45,CA-2011-120670,2013-11-02,Standard Class,Home Office,799.92
49,CA-2011-122217,2013-11-24,Standard Class,Home Office,111.15
72,CA-2011-133634,2013-11-05,Standard Class,Home Office,47.79
74,CA-2011-134621,2013-12-21,Standard Class,Home Office,18.24
88,CA-2011-145317,2013-03-18,Standard Class,Home Office,23661.228
92,CA-2011-148285,2013-10-27,Standard Class,Home Office,22.32
111,CA-2011-156244,2013-08-12,Standard Class,Home Office,457.744
136,CA-2011-167199,2013-01-06,Standard Class,Home Office,4374.88
144,CA-2012-102260,2014-09-22,Standard Class,Home Office,763.508
150,CA-2012-103135,2014-07-24,Standard Class,Home Office,525.95
151,CA-2012-103772,2014-06-28,Standard Class,Home Office,260.31
168,CA-2012-110947,2014-06-09,Standard Class,Home Office,113.1
175,CA-2012-115091,2014-10-05,Standard Class,Home Office,75.04
198,CA-2012-125696,2014-10-02,Standard Class,Home Office,7.38
203,CA-2012-128958,2014-01-24,Standard Class,Home Office,13.12
216,CA-2012-135510,2014-09-05,Standard Class,Home Office,67.96
229,CA-2012-141754,2014-12-20,Standard Class,Home Office,11.696
235,CA-2012-145324,2014-11-15,Standard Class,Home Office,39.96
268,CA-2012-160059,2014-11-27,Standard Class,Home Office,6.24
276,CA-2012-163923,2014-05-30,Standard Class,Home Office,151.96
290,CA-2013-100307,2015-12-16,Standard Class,Home Office,19.44
300,CA-2013-105662,2015-05-06,Standard Class,Home Office,270.728
301,CA-2013-105753,2015-10-21,Standard Class,Home Office,61.1
313,CA-2013-110254,2015-08-05,Standard Class,Home Office,158.81
337,CA-2013-118934,2015-08-10,Standard Class,Home Office,16.218
342,CA-2013-121020,2015-10-25,Standard Class,Home Office,239.976
346,CA-2013-123414,2015-08-22,Standard Class,Home Office,37.264
347,CA-2013-123533,2015-11-25,Standard Class,Home Office,392.832
362,CA-2013-131968,2015-11-12,Standard Class,Home Office,681.432
371,CA-2013-134789,2015-04-09,Standard Class,Home Office,215.84
375,CA-2013-136322,2015-10-22,Standard Class,Home Office,74.32
380,CA-2013-139269,2015-05-26,Standard Class,Home Office,1311.97
384,CA-2013-140571,2015-03-16,Standard Class,Home Office,365.44
401,CA-2013-146171,2015-03-12,Standard Class,Home Office,558.24
409,CA-2013-151155,2015-12-21,Standard Class,Home Office,34.34
415,CA-2013-154403,2015-05-24,Standard Class,Home Office,4.98
418,CA-2013-155439,2015-09-15,Standard Class,Home Office,25.92
430,CA-2013-159212,2015-11-02,Standard Class,Home Office,273.59
433,CA-2013-159891,2015-01-31,Standard Class,Home Office,1396.35
451,CA-2013-165470,2015-11-26,Standard Class,Home Office,5.08
459,CA-2013-169026,2015-08-09,Standard Class,Home Office,23.34
462,CA-2014-100412,2016-12-22,Standard Class,Home Office,141.96
472,CA-2014-102554,2016-06-11,Standard Class,Home Office,3.76
494,CA-2014-110212,2016-05-01,Standard Class,Home Office,48.9
499,CA-2014-113558,2016-10-21,Standard Class,Home Office,729.648
518,CA-2014-120705,2016-09-05,Standard Class,Home Office,147.184
534,CA-2014-124597,2016-04-30,Standard Class,Home Office,32.088
537,CA-2014-124898,2016-09-11,Standard Class,Home Office,184.66
540,CA-2014-125752,2016-07-31,Standard Class,Home Office,41.424
547,CA-2014-127516,2016-12-28,Standard Class,Home Office,64.784
552,CA-2014-128475,2016-08-26,Standard Class,Home Office,71.98
560,CA-2014-129490,2016-09-26,Standard Class,Home Office,419.136
561,CA-2014-129910,2016-03-30,Standard Class,Home Office,59.76
573,CA-2014-134096,2016-09-24,Standard Class,Home Office,399.53
585,CA-2014-139787,2016-09-19,Standard Class,Home Office,35.4
608,CA-2014-146535,2016-11-24,Standard Class,Home Office,1446.84
614,CA-2014-148166,2016-10-21,Standard Class,Home Office,17.856
615,CA-2014-148404,2016-10-07,Standard Class,Home Office,1027.21
616,CA-2014-148474,2016-06-12,Standard Class,Home Office,544.14
623,CA-2014-150931,2016-01-07,Standard Class,Home Office,33.74
624,CA-2014-151211,2016-08-17,Standard Class,Home Office,201.09
632,CA-2014-154123,2016-11-20,Standard Class,Home Office,27.58
634,CA-2014-155089,2016-12-02,Standard Class,Home Office,45.66
652,CA-2014-159135,2016-11-04,Standard Class,Home Office,4.3
654,CA-2014-159667,2016-11-09,Standard Class,Home Office,691.144
657,CA-2014-160423,2016-01-22,Standard Class,Home Office,383.992
663,CA-2014-161088,2016-05-25,Standard Class,Home Office,29.84
669,CA-2014-162033,2016-03-26,Standard Class,Home Office,57.01
682,CA-2014-165904,2016-04-07,Standard Class,Home Office,235.44
697,US-2011-125521,2013-03-14,Standard Class,Home Office,1139.92
699,US-2011-138835,2013-09-10,Standard Class,Home Office,9.64
704,US-2011-155502,2013-01-26,Standard Class,Home Office,944.61
706,US-2011-155817,2013-10-03,Standard Class,Home Office,67.76
739,US-2013-108637,2015-03-14,Standard Class,Home Office,334.2
740,US-2013-109260,2015-09-27,Standard Class,Home Office,431.976
746,US-2013-123750,2015-04-16,Standard Class,Home Office,895.06
754,US-2013-139262,2015-02-21,Standard Class,Home Office,471.078
758,US-2013-146570,2015-05-16,Standard Class,Home Office,612.14
765,US-2013-155404,2015-09-23,Standard Class,Home Office,13.28
776,US-2014-100930,2016-04-07,Standard Class,Home Office,1735.8505
780,US-2014-108315,2016-04-30,Standard Class,Home Office,225.546
782,US-2014-114356,2016-08-20,Standard Class,Home Office,35.96
785,US-2014-120390,2016-10-19,Standard Class,Home Office,1633.188
791,US-2014-129224,2016-03-17,Standard Class,Home Office,4.608
792,US-2014-132031,2016-04-23,Standard Class,Home Office,513.496
793,US-2014-132297,2016-05-27,Standard Class,Home Office,598.31
794,US-2014-132675,2016-09-24,Standard Class,Home Office,148.16
810,US-2014-156083,2016-11-04,Standard Class,Home Office,9.664
,,,Standard Class,Home Office,54748.6325
