Order ID,Segment>>,Ship Mode>>,Value
US-2011-155817,Tanaka Pfupajena Total,Standard Class,1.300376309
CA-2013-169026,Consumer,Standard Class,1.600001771
CA-2013-135636,Consumer,Standard Class,6.961831354
CA-2013-166485,Tanaka Pfupajena Total,Second Class,7.308016787
CA-2012-149342,Home Office,Standard Class,9.123592486
CA-2014-128769,Consumer,Standard Class,15.25311904
CA-2014-152968,Tanaka Pfupajena Total,Second Class,20.93242556
CA-2014-121314,Consumer Total,Standard Class,21.33454355
US-2013-159415,Tanaka Pfupajena,Second Class,24.27987035
US-2014-128118,Consumer,Standard Class,24.29174058
CA-2014-107209,Consumer Total,Standard Class,24.56683004
CA-2014-145275,Home Office Total,Standard Class,25.69743221
CA-2014-160458,Home Office Total,Standard Class,26.01967928
CA-2014-127803,Tanaka Pfupajena Total,Standard Class,27.17822158
CA-2012-161998,Consumer Total,Standard Class,27.28009336
CA-2011-111934,Consumer Total,First Class,27.59736961
CA-2011-152562,Tanaka Pfupajena,Standard Class,28.6729568
CA-2013-113845,Consumer Total,Standard Class,32.04586309
CA-2013-146143,Consumer Total,Standard Class,39.25871413
US-2013-147991,Tanaka Pfupajena,First Class,40.68649018
CA-2012-141565,Consumer Total,Standard Class,43.1640898
CA-2014-165029,Consumer Total,First Class,44.74292544
CA-2014-128699,Consumer,Standard Class,44.9763098
CA-2014-122987,Consumer Total,Standard Class,45.80359713
CA-2014-113481,Consumer,Standard Class,48.16320379
CA-2013-123533,Consumer Total,Standard Class,48.38831858
CA-2012-161998,Consumer Total,Standard Class,48.40479649
US-2014-135503,Consumer Total,Standard Class,48.64572022
CA-2012-103870,Tanaka Pfupajena Total,Standard Class,53.09023514
CA-2012-135510,Home Office,Second Class,53.37311356
CA-2013-168753,Consumer Total,Standard Class,53.63636514
CA-2013-165470,Tanaka Pfupajena,Standard Class,55.74902316
CA-2013-134516,Consumer Total,Standard Class,57.71993756
CA-2013-119515,Consumer Total,Standard Class,59.16741458
CA-2012-158421,Tanaka Pfupajena,Second Class,59.75190071
US-2014-108063,Tanaka Pfupajena Total,Standard Class,60.77713153
CA-2013-159765,Tanaka Pfupajena,Standard Class,61.37228475
CA-2013-102498,Consumer,First Class,61.89364763
CA-2014-102309,Home Office,Standard Class,63.98880445
US-2011-143581,Tanaka Pfupajena,First Class,64.22993329
CA-2013-113236,Consumer,Standard Class,65.9589063
CA-2013-166485,Tanaka Pfupajena,Standard Class,70.35190479
CA-2014-157854,Tanaka Pfupajena Total,Standard Class,70.98077659
CA-2014-148810,Consumer Total,Standard Class,72.62968633
CA-2013-116232,Consumer,Standard Class,75.55849609
CA-2011-104283,Tanaka Pfupajena,Standard Class,77.39910332
CA-2013-136483,Consumer,Standard Class,78.53312628
CA-2013-142895,Home Office,Same Day,79.60663076
US-2014-105935,Home Office,Standard Class,79.92786526
CA-2014-155705,Consumer Total,Standard Class,80.19261169
CA-2013-136126,Tanaka Pfupajena,Standard Class,81.90382315
CA-2012-150308,Tanaka Pfupajena Total,Standard Class,82.48666416
CA-2012-116638,Consumer Total,Standard Class,82.48794572
CA-2014-110198,Consumer Total,Standard Class,84.16925888
US-2014-166233,Tanaka Pfupajena,Standard Class,87.36070239
CA-2011-157609,Tanaka Pfupajena Total,Standard Class,90.31807307
CA-2013-159765,Consumer,Standard Class,90.58712479
CA-2014-110198,Home Office Total,Standard Class,91.34853029
CA-2014-163321,Tanaka Pfupajena,Standard Class,91.816614
CA-2012-137974,Consumer,Second Class,95.67644735
CA-2012-153549,Home Office,Standard Class,97.00433782
CA-2011-114314,Consumer Total,Standard Class,97.2799993
CA-2013-159212,Consumer,Standard Class,99.01259988
US-2013-169369,Consumer,Standard Class,99.7260037
CA-2012-143532,Consumer Total,Standard Class,100.945613
CA-2012-160059,Tanaka Pfupajena Total,First Class,108.6714827
CA-2011-116568,Consumer,Standard Class,109.0888723
CA-2013-143805,Home Office,Standard Class,113.1968914
CA-2012-122266,Consumer,Standard Class,113.2775224
CA-2013-110492,Consumer,Second Class,115.6717927
CA-2011-162775,Consumer Total,Standard Class,115.9532316
CA-2011-114314,Consumer,Second Class,117.064687
CA-2013-133368,Consumer,Standard Class,117.5959678
CA-2012-115091,Consumer,Standard Class,118.8949041
CA-2014-116855,Tanaka Pfupajena,Same Day,118.8992145
CA-2011-152268,Tanaka Pfupajena Total,Standard Class,123.0424151
CA-2012-141754,Consumer,Standard Class,126.2082084
CA-2012-151547,Consumer,Standard Class,126.5734808
CA-2013-157364,Consumer Total,First Class,127.0767433
CA-2014-117079,Tanaka Pfupajena Total,Second Class,128.1193116
CA-2013-163167,Home Office Total,First Class,128.4139223
CA-2011-116407,Tanaka Pfupajena Total,Second Class,129.3197661
CA-2012-115091,Home Office,Standard Class,131.2402898
CA-2011-132010,Consumer Total,Standard Class,131.5444539
CA-2012-117884,Tanaka Pfupajena Total,Standard Class,131.9237746
CA-2014-122987,Tanaka Pfupajena,Standard Class,132.8217332
CA-2011-113047,Consumer Total,Standard Class,132.9764175
CA-2014-107461,Consumer,Standard Class,135.1043425
CA-2013-113292,Tanaka Pfupajena,Standard Class,135.8343846
US-2012-136749,Consumer Total,Standard Class,139.8390855
US-2013-144393,Consumer,Standard Class,140.8465983
CA-2012-125976,Consumer Total,Standard Class,142.2021122
CA-2013-104157,Home Office Total,Standard Class,142.4664617
CA-2012-137974,Consumer Total,Second Class,144.8733002
CA-2011-131541,Tanaka Pfupajena Total,Standard Class,147.2897725
CA-2013-145905,Consumer Total,Standard Class,147.5163659
CA-2014-144498,Tanaka Pfupajena Total,Standard Class,148.3697903
CA-2013-100307,Consumer,First Class,150.7770992
CA-2012-155068,Tanaka Pfupajena,Standard Class,151.6642274
CA-2014-156769,Consumer,Standard Class,152.8421165
CA-2014-148922,Consumer Total,First Class,154.6183869
CA-2014-128300,Consumer,Standard Class,156.3964559
US-2014-148768,Consumer,Second Class,156.7501356
US-2013-156692,Consumer,Standard Class,162.197849
CA-2011-121286,Tanaka Pfupajena Total,Standard Class,165.8776241
Grand Total,Consumer Total,Standard Class,168.8448716
CA-2014-159100,Consumer Total,Standard Class,168.9050448
CA-2014-163510,Consumer Total,Same Day,170.7551177
CA-2011-169684,Consumer,Standard Class,173.5548377
CA-2013-105662,Tanaka Pfupajena,Standard Class,174.4321785
CA-2014-159135,Consumer Total,Standard Class,176.0950205
CA-2011-111934,Tanaka Pfupajena Total,Second Class,177.088858
US-2011-118997,Consumer,Second Class,178.1489585
CA-2013-155439,Consumer,Standard Class,178.841665
CA-2012-162537,Consumer,Standard Class,181.888908
US-2014-114356,Tanaka Pfupajena,Standard Class,183.8054693
CA-2014-162173,Home Office,Standard Class,189.1535979
US-2013-123750,Consumer Total,Standard Class,189.8183539
CA-2013-101525,Home Office Total,Standard Class,190.7948613
CA-2013-166380,Consumer Total,Standard Class,192.7352777
CA-2012-156328,Consumer,Standard Class,193.2498975
CA-2012-131422,Consumer Total,Standard Class,196.1254555
CA-2014-115882,Consumer,Standard Class,196.6268345
CA-2014-129021,Consumer Total,Standard Class,196.6916158
CA-2014-158386,Tanaka Pfupajena Total,Standard Class,196.7044962
CA-2013-133711,Home Office Total,Second Class,197.4909901
CA-2014-160724,Home Office Total,Standard Class,201.6888808
CA-2013-149979,Consumer Total,Standard Class,202.5840134
CA-2014-129462,Home Office Total,First Class,203.3606052
US-2014-109610,Tanaka Pfupajena Total,Standard Class,205.5984042
CA-2014-127516,Home Office,Standard Class,206.9777064
CA-2013-166485,Home Office,Standard Class,208.2565221
CA-2014-105620,Consumer,Second Class,212.6280401
CA-2014-138779,Consumer Total,First Class,213.1219243
CA-2014-137631,Consumer Total,Second Class,213.4865309
CA-2013-166380,Home Office Total,Standard Class,214.0659643
CA-2012-155600,Consumer,First Class,214.7176155
US-2012-140851,Consumer,Standard Class,217.3477627
US-2014-132675,Consumer Total,Second Class,220.1600483
CA-2012-142202,Tanaka Pfupajena Total,Second Class,220.4837815
CA-2014-122994,Tanaka Pfupajena Total,Standard Class,221.7652015
US-2011-107405,Tanaka Pfupajena,Standard Class,223.3881593
US-2014-108315,Consumer Total,Standard Class,223.4367097
CA-2012-110247,Consumer Total,Second Class,225.2210994
CA-2013-108567,Consumer,Standard Class,226.1872336
CA-2014-122056,Tanaka Pfupajena,Standard Class,226.8509833
CA-2014-103065,Tanaka Pfupajena Total,Same Day,229.0820647
CA-2013-132549,Tanaka Pfupajena Total,First Class,230.1481808
US-2014-135986,Tanaka Pfupajena,Standard Class,231.5790467
CA-2011-167850,Tanaka Pfupajena Total,Second Class,233.0597444
CA-2012-162537,Consumer Total,Standard Class,234.9747447
CA-2011-110408,Tanaka Pfupajena Total,Standard Class,236.2966402
US-2012-106495,Tanaka Pfupajena Total,Standard Class,238.322147
CA-2013-155138,Tanaka Pfupajena Total,Second Class,241.268276
CA-2012-150560,Consumer,Same Day,242.4642158
CA-2012-149300,Consumer Total,Standard Class,242.7737258
CA-2013-134516,Tanaka Pfupajena Total,Standard Class,245.1057129
CA-2013-136322,Consumer Total,Standard Class,248.4104563
US-2013-150567,Consumer,Standard Class,250.4475794
CA-2012-156328,Consumer,Standard Class,254.0410853
CA-2014-147228,Consumer Total,Standard Class,254.9652933
CA-2012-155600,Consumer Total,Standard Class,255.4768021
US-2013-153815,Consumer,Standard Class,256.3443815
CA-2011-101266,Consumer,Standard Class,259.0367451
CA-2011-123400,Tanaka Pfupajena,Standard Class,259.2739299
CA-2011-107811,Tanaka Pfupajena Total,Standard Class,260.3980015
CA-2014-128629,Home Office,Standard Class,260.52146
US-2013-169369,Consumer,Standard Class,264.318073
CA-2014-113705,Home Office,Standard Class,265.0692837
CA-2014-129021,Consumer,Standard Class,265.1408461
CA-2014-138975,Consumer Total,Second Class,265.9168618
CA-2013-131065,Consumer Total,Standard Class,268.2293904
CA-2011-145576,Tanaka Pfupajena Total,Standard Class,269.1135783
CA-2014-153339,Tanaka Pfupajena,Standard Class,269.9665778
CA-2013-144344,Consumer Total,Standard Class,270.9026756
CA-2011-154158,Consumer,Standard Class,279.1697363
CA-2011-125682,Home Office,Second Class,279.2109975
US-2012-129553,Tanaka Pfupajena,Standard Class,279.3376486
CA-2013-145709,Consumer,Standard Class,284.0214966
CA-2014-103065,Consumer Total,Standard Class,284.3684094
CA-2013-160486,Consumer,Standard Class,284.565331
CA-2013-121958,Consumer,First Class,285.9439673
CA-2012-161998,Home Office Total,First Class,286.0885929
CA-2014-108322,Consumer,Standard Class,286.8578774
CA-2012-100769,Consumer Total,Standard Class,289.1886582
CA-2013-112697,Home Office Total,Standard Class,289.4555317
CA-2012-154746,Consumer,Standard Class,292.0276574
CA-2013-147368,Tanaka Pfupajena,Standard Class,296.1945384
CA-2011-138527,Tanaka Pfupajena,Standard Class,296.5917089
CA-2014-122987,Consumer,Standard Class,297.6645066
Grand Total,Consumer,Standard Class,299.6508111
CA-2013-155670,Home Office,Standard Class,301.419263
CA-2013-119515,Home Office Total,Standard Class,304.0030586
CA-2013-140543,Tanaka Pfupajena,First Class,305.6429602
CA-2011-161634,Tanaka Pfupajena,Standard Class,306.9547037
US-2012-168732,Home Office,Standard Class,307.54158
US-2014-136189,Consumer,Standard Class,308.3992066
US-2012-123960,Consumer,Standard Class,308.7237365
CA-2013-124772,Consumer Total,Standard Class,311.5793019
CA-2011-145576,Tanaka Pfupajena Total,Standard Class,311.9165351
US-2013-164630,Consumer Total,Second Class,312.750819
CA-2014-156272,Home Office Total,Standard Class,317.4902826
CA-2012-147879,Consumer,Standard Class,318.0738927
US-2011-143581,Consumer Total,Standard Class,320.8687938
CA-2011-152849,Consumer Total,Standard Class,321.3044525
US-2014-168116,Home Office Total,Standard Class,322.7963696
CA-2013-124772,Tanaka Pfupajena Total,Standard Class,331.0100094
CA-2013-164350,Home Office,Standard Class,332.9370783
CA-2014-117079,Tanaka Pfupajena Total,Standard Class,333.1598752
CA-2014-101483,Home Office,Second Class,333.3065665
CA-2013-111409,Home Office,Standard Class,333.7879948
CA-2013-159891,Tanaka Pfupajena,Standard Class,335.7952492
CA-2012-108119,Tanaka Pfupajena Total,Standard Class,335.9433679
CA-2014-161088,Consumer,Standard Class,336.7070876
CA-2011-152254,Home Office,Standard Class,339.7382434
CA-2014-132185,Home Office Total,Second Class,342.4035479
CA-2012-137106,Tanaka Pfupajena Total,First Class,344.4946879
CA-2014-124898,Home Office Total,Standard Class,346.9624982
US-2012-148817,Home Office,Standard Class,348.3674846
CA-2014-123351,Tanaka Pfupajena,First Class,349.8061888
US-2013-169369,Tanaka Pfupajena,Standard Class,350.6903808
CA-2013-144344,Tanaka Pfupajena Total,Standard Class,351.2575408
US-2014-168116,Consumer,Standard Class,352.0752325
CA-2014-116939,Tanaka Pfupajena Total,Standard Class,353.373415
US-2011-157231,Consumer,Standard Class,353.4937385
US-2011-155502,Consumer Total,Standard Class,354.226336
CA-2014-156272,Tanaka Pfupajena,Standard Class,355.0118576
CA-2014-102309,Tanaka Pfupajena,Standard Class,355.1268898
CA-2011-107811,Consumer,Second Class,355.2518836
CA-2014-112774,Consumer Total,Standard Class,355.6545296
CA-2011-158274,Tanaka Pfupajena Total,Standard Class,358.5386151
CA-2012-128083,Tanaka Pfupajena,Standard Class,359.999364
CA-2012-156328,Home Office,Standard Class,361.0503058
CA-2014-110212,Tanaka Pfupajena Total,Standard Class,361.927334
US-2011-117170,Consumer Total,Standard Class,362.0626592
CA-2014-159464,Consumer Total,Standard Class,364.1148743
CA-2012-154291,Consumer Total,Standard Class,364.925602
CA-2014-133263,Tanaka Pfupajena Total,Standard Class,365.1468749
CA-2013-109722,Consumer,Standard Class,365.6573061
CA-2014-154088,Home Office,Standard Class,370.7431729
CA-2014-148922,Consumer Total,Standard Class,371.3681617
CA-2012-134257,Tanaka Pfupajena,Standard Class,372.6428508
US-2014-135986,Home Office Total,Standard Class,372.9513335
CA-2013-101525,Tanaka Pfupajena,Standard Class,374.8570588
CA-2013-166485,Consumer,Standard Class,374.9772433
CA-2012-102582,Tanaka Pfupajena,Standard Class,375.6967666
CA-2012-138625,Consumer,Standard Class,385.5016502
CA-2014-138779,Consumer Total,Standard Class,386.6190049
CA-2013-145709,Consumer,Standard Class,392.4924921
CA-2013-156573,Consumer,Standard Class,392.7115904
US-2014-148831,Consumer,Standard Class,395.2436941
CA-2013-162901,Consumer,First Class,396.4389376
CA-2013-110254,Tanaka Pfupajena Total,Second Class,399.5324157
CA-2013-142370,Consumer Total,Standard Class,402.4399016
CA-2013-136231,Consumer,Standard Class,403.9828722
CA-2014-125745,Tanaka Pfupajena Total,Standard Class,404.9117753
CA-2011-158470,Tanaka Pfupajena Total,Standard Class,405.4430777
US-2014-129224,Consumer,Standard Class,407.0760236
CA-2013-119515,Consumer,Standard Class,408.9684097
CA-2014-158407,Consumer,Standard Class,409.1986948
CA-2012-153626,Consumer,Standard Class,410.5786455
CA-2014-102204,Consumer Total,Standard Class,414.6581437
CA-2014-102736,Consumer,Standard Class,414.7319868
CA-2013-152156,Tanaka Pfupajena Total,First Class,415.4568332
CA-2014-119284,Tanaka Pfupajena,First Class,415.7626453
CA-2011-151953,Consumer,Standard Class,419.0459539
US-2012-168935,Tanaka Pfupajena,Standard Class,421.4134209
US-2011-155502,Home Office,Standard Class,424.1791671
CA-2014-126382,Consumer,Standard Class,426.1214474
CA-2013-102092,Consumer Total,Standard Class,426.290795
CA-2011-123925,Tanaka Pfupajena,Standard Class,426.2944777
CA-2014-115448,Home Office,Standard Class,427.5313239
CA-2014-161592,Home Office Total,Second Class,427.5384908
CA-2012-150560,Home Office Total,Standard Class,429.9307739
CA-2014-134096,Consumer Total,First Class,430.5658304
CA-2014-128699,Consumer Total,Standard Class,430.7099827
US-2014-166611,Consumer Total,Standard Class,430.7920553
CA-2011-167199,Consumer Total,Standard Class,430.9190263
Grand Total,Tanaka Pfupajena Total,Standard Class,436.8130309
CA-2014-104864,Consumer Total,Standard Class,438.6865978
CA-2011-106810,Consumer,Standard Class,439.5439565
CA-2014-152786,Consumer Total,Standard Class,439.8132092
CA-2014-141446,Consumer Total,Standard Class,440.2695549
CA-2014-115448,Consumer Total,Standard Class,442.3000693
CA-2012-109470,Home Office Total,Standard Class,444.2508491
CA-2013-108616,Consumer Total,Standard Class,444.6471577
CA-2014-132213,Consumer,Standard Class,446.5005232
CA-2013-146171,Tanaka Pfupajena,Standard Class,447.3500156
US-2011-147627,Tanaka Pfupajena,First Class,448.9875865
CA-2014-144365,Consumer,Standard Class,449.6871085
US-2014-146878,Tanaka Pfupajena,Second Class,449.7487954
CA-2011-162775,Consumer Total,Standard Class,451.7126588
CA-2013-139381,Home Office,Standard Class,453.8139419
CA-2013-155670,Tanaka Pfupajena Total,Standard Class,454.2979924
CA-2011-131541,Home Office Total,Second Class,459.1141043
CA-2014-110926,Tanaka Pfupajena,Standard Class,460.8946148
US-2013-148901,Tanaka Pfupajena,Standard Class,461.1944527
CA-2014-119284,Consumer Total,Standard Class,466.5905227
US-2011-114377,Consumer,Standard Class,467.181209
CA-2014-142671,Consumer Total,Second Class,469.4014757
CA-2011-117016,Consumer,Standard Class,469.6078365
CA-2014-138975,Home Office Total,Standard Class,470.7957757
CA-2012-103093,Tanaka Pfupajena,Standard Class,471.4520312
US-2014-133781,Home Office,Standard Class,472.9494663
CA-2014-137631,Tanaka Pfupajena Total,Second Class,473.8724171
CA-2014-127803,Consumer,Standard Class,474.214782
CA-2014-100902,Tanaka Pfupajena,Standard Class,474.3050358
US-2013-123750,Consumer,Second Class,475.4809689
CA-2013-168893,Consumer,Standard Class,478.5811124
CA-2013-162901,Tanaka Pfupajena,Second Class,479.7371165
CA-2013-157245,Home Office,Standard Class,482.1698556
CA-2014-143567,Home Office,Standard Class,482.1797262
CA-2014-100412,Consumer Total,First Class,483.4815625
CA-2012-155635,Home Office Total,Standard Class,484.1435317
CA-2014-128300,Consumer,Standard Class,488.8129651
CA-2014-167871,Home Office,Second Class,490.182118
US-2011-147774,Consumer Total,Standard Class,492.4537523
CA-2014-139948,Tanaka Pfupajena,First Class,492.578603
CA-2013-157161,Tanaka Pfupajena Total,Standard Class,493.0480457
CA-2013-158841,Tanaka Pfupajena,Standard Class,493.2738315
US-2014-105935,Consumer Total,Standard Class,493.5356805
CA-2011-146731,Consumer Total,Same Day,496.1807382
CA-2012-147529,Consumer,Same Day,496.4619602
CA-2014-129462,Consumer Total,Standard Class,497.1690692
CA-2013-165470,Tanaka Pfupajena Total,Second Class,497.583686
CA-2011-169257,Tanaka Pfupajena Total,Standard Class,499.8907263
CA-2011-114314,Home Office,First Class,500.9141519
CA-2012-137281,Home Office Total,Standard Class,503.8753544
CA-2013-140571,Home Office Total,First Class,505.7980212
CA-2011-148425,Home Office Total,Standard Class,511.3509842
US-2012-148817,Consumer Total,Standard Class,511.390924
CA-2011-143840,Home Office Total,Standard Class,511.9793354
CA-2013-125017,Tanaka Pfupajena,First Class,512.719082
US-2014-168690,Home Office,Same Day,512.7629674
CA-2014-146192,Tanaka Pfupajena,Standard Class,514.4455303
CA-2013-143805,Consumer,Second Class,515.7362155
CA-2013-140543,Consumer,Standard Class,517.2578007
CA-2012-107678,Consumer Total,Standard Class,520.5941961
CA-2014-129028,Tanaka Pfupajena Total,Standard Class,522.7269897
CA-2012-145352,Tanaka Pfupajena Total,Standard Class,523.3262442
CA-2014-140872,Home Office,Standard Class,525.6503079
Grand Total,Consumer,Standard Class,525.8385443
US-2014-146878,Consumer,Second Class,527.0578634
CA-2013-159891,Consumer,Standard Class,527.0679962
CA-2014-112774,Consumer Total,Standard Class,528.3488859
CA-2012-128958,Consumer,Standard Class,530.0110198
CA-2011-102988,Consumer Total,Standard Class,530.2559173
CA-2011-148425,Consumer Total,Standard Class,532.6194169
CA-2011-128846,Home Office,Standard Class,533.5284104
US-2011-117135,Consumer,Standard Class,537.2510075
CA-2014-147333,Consumer,Standard Class,537.93573
US-2014-115252,Home Office Total,Second Class,545.6863313
CA-2012-143119,Consumer,Standard Class,548.768558
CA-2011-132010,Consumer,Second Class,551.9898837
CA-2014-165687,Consumer,Standard Class,552.0084669
CA-2013-147368,Tanaka Pfupajena,Standard Class,555.4960347
CA-2012-110247,Tanaka Pfupajena Total,Standard Class,559.1554371
CA-2013-140641,Consumer Total,Standard Class,559.2726173
CA-2013-157588,Consumer Total,Standard Class,560.1530873
CA-2011-125136,Consumer Total,Standard Class,560.7414806
CA-2013-136126,Consumer,Standard Class,561.6758058
CA-2013-109722,Consumer,Standard Class,566.9973518
US-2013-138408,Tanaka Pfupajena,Second Class,573.5682342
CA-2011-166457,Home Office,Standard Class,573.6298752
CA-2014-161970,Consumer Total,Standard Class,577.1742697
CA-2014-113558,Consumer Total,Second Class,578.0291106
CA-2011-154158,Consumer,Standard Class,580.6855652
CA-2014-124828,Consumer,Standard Class,582.110682
CA-2011-102274,Consumer,Standard Class,583.9582449
CA-2012-134719,Tanaka Pfupajena,Second Class,585.3865263
CA-2012-134992,Consumer Total,Standard Class,585.7018673
US-2014-148768,Tanaka Pfupajena Total,Same Day,586.3733957
CA-2014-122693,Consumer Total,Standard Class,588.0689742
CA-2014-108035,Consumer Total,Standard Class,588.251929
CA-2012-161998,Tanaka Pfupajena Total,Standard Class,590.7278067
CA-2012-145324,Consumer,Standard Class,590.7466535
US-2014-128951,Consumer Total,Standard Class,590.8413937
CA-2014-120705,Tanaka Pfupajena Total,First Class,591.6349284
CA-2012-131422,Tanaka Pfupajena Total,Standard Class,591.8354812
CA-2011-130918,Consumer,Standard Class,592.0208832
CA-2013-130442,Consumer,Standard Class,593.1418995
CA-2011-153927,Home Office,Standard Class,594.539607
CA-2014-159464,Tanaka Pfupajena,Standard Class,595.0988883
CA-2011-148285,Consumer,Standard Class,595.6733839
CA-2013-118178,Consumer Total,Standard Class,596.7687907
CA-2012-108259,Consumer,Standard Class,597.4962451
CA-2014-143567,Home Office Total,Standard Class,598.0542258
CA-2012-155600,Tanaka Pfupajena,Standard Class,598.2014727
CA-2013-164784,Home Office Total,Second Class,598.2325336
CA-2012-160059,Tanaka Pfupajena Total,Second Class,598.3139758
CA-2013-157763,Consumer Total,First Class,600.317134
CA-2012-163237,Consumer,Standard Class,600.5032228
CA-2014-141446,Tanaka Pfupajena Total,Standard Class,601.6090933
CA-2013-157364,Consumer,Standard Class,603.6729046
CA-2014-163321,Tanaka Pfupajena,Second Class,609.5699021
CA-2012-111703,Tanaka Pfupajena,Standard Class,610.7113481
CA-2012-158323,Home Office,Standard Class,610.7332959
CA-2014-153654,Consumer,Standard Class,612.8845699
CA-2014-116113,Home Office,Standard Class,613.8367999
US-2013-169369,Consumer,First Class,613.9396792
CA-2011-129819,Tanaka Pfupajena,Standard Class,614.0051078
CA-2014-146983,Consumer Total,Standard Class,614.500728
CA-2012-104941,Home Office Total,Standard Class,614.9665627
US-2012-123960,Home Office,Standard Class,615.8031464
CA-2014-119284,Consumer,Standard Class,615.864108
CA-2012-100888,Consumer Total,Second Class,617.2990002
US-2012-136476,Consumer,Standard Class,619.1863096
CA-2011-130428,Home Office Total,Standard Class,621.1593031
CA-2011-104283,Home Office Total,Standard Class,624.1696472
CA-2012-149734,Consumer,Standard Class,627.5944613
CA-2013-118073,Tanaka Pfupajena Total,Standard Class,631.183321
CA-2012-103135,Tanaka Pfupajena Total,Second Class,633.8886104
CA-2013-109344,Home Office,Standard Class,634.2945448
CA-2011-145317,Consumer Total,Second Class,637.2803135
US-2014-166233,Consumer,Standard Class,637.5644503
CA-2011-134621,Consumer,Standard Class,641.0809935
CA-2013-127698,Tanaka Pfupajena,Standard Class,642.8408887
CA-2013-127985,Tanaka Pfupajena,Standard Class,643.892643
CA-2012-154746,Consumer,Standard Class,645.5067235
CA-2013-148684,Home Office Total,Second Class,647.3744481
CA-2011-169257,Consumer Total,Standard Class,647.5644102
CA-2014-155824,Tanaka Pfupajena,Standard Class,648.3031296
CA-2014-144694,Home Office Total,Standard Class,649.7810211
CA-2014-151211,Tanaka Pfupajena,Standard Class,649.9985383
CA-2011-114790,Consumer Total,Standard Class,651.7859004
CA-2014-165715,Tanaka Pfupajena,Standard Class,654.506682
US-2011-147627,Home Office Total,Standard Class,656.5268854
US-2014-132031,Consumer Total,Standard Class,657.3847932
CA-2012-106187,Tanaka Pfupajena,Standard Class,661.1110458
CA-2011-157784,Home Office Total,Standard Class,662.2787386
CA-2011-134551,Consumer Total,Standard Class,663.5332873
CA-2013-109407,Tanaka Pfupajena,Same Day,665.0808882
CA-2013-101469,Tanaka Pfupajena,Standard Class,665.4246076
CA-2013-133872,Home Office Total,Standard Class,666.9223461
CA-2011-143840,Home Office Total,Standard Class,666.9289669
CA-2011-158771,Home Office,Standard Class,667.6494305
CA-2014-120894,Home Office Total,Standard Class,668.3008114
CA-2011-155208,Consumer,Standard Class,668.3390792
CA-2013-164574,Consumer,Second Class,668.5135461
CA-2014-101483,Consumer,Standard Class,669.1344931
US-2013-137295,Consumer Total,First Class,669.6675334
US-2014-135503,Consumer Total,Second Class,670.0518787
US-2013-113649,Home Office,Standard Class,670.5925433
US-2014-156083,Consumer,Standard Class,670.7737665
US-2014-133781,Tanaka Pfupajena Total,Standard Class,671.9487751
CA-2014-125745,Home Office Total,Second Class,675.2438118
CA-2011-159681,Consumer Total,Standard Class,676.5648318
CA-2012-153038,Consumer,Standard Class,677.4505849
Grand Total,Consumer Total,Standard Class,680.860174
CA-2014-147228,Consumer,Standard Class,683.6485817
CA-2011-113047,Consumer,Standard Class,685.1521085
CA-2012-128139,Consumer Total,Standard Class,686.5588873
CA-2014-140088,Consumer,Standard Class,687.8062897
Grand Total,Consumer,Standard Class,688.313892
CA-2014-161200,Consumer,Standard Class,688.6036671
CA-2014-147361,Consumer,Standard Class,692.8248288
US-2014-136189,Home Office Total,Standard Class,693.3506896
CA-2014-159954,Home Office Total,Standard Class,693.7617425
US-2014-149510,Tanaka Pfupajena,Standard Class,694.3156939
CA-2013-154403,Home Office,Second Class,695.7260243
CA-2011-110422,Tanaka Pfupajena,Standard Class,696.8910363
CA-2011-163223,Consumer Total,Standard Class,697.8697328
CA-2012-118444,Consumer Total,Second Class,701.2691271
CA-2013-168753,Home Office,Standard Class,703.5835147
CA-2011-140165,Consumer Total,Standard Class,704.2048275
CA-2014-155089,Consumer,Standard Class,704.3501286
CA-2013-134208,Home Office,Standard Class,708.4850039
US-2013-150357,Home Office Total,Standard Class,709.3963915
CA-2012-166604,Home Office Total,Standard Class,709.6069854
CA-2011-166730,Consumer,Second Class,709.6420987
CA-2011-163293,Tanaka Pfupajena,Standard Class,711.432527
CA-2012-150308,Consumer,Standard Class,714.4581211
CA-2012-102491,Consumer,Standard Class,715.9254366
CA-2011-116568,Tanaka Pfupajena,Standard Class,716.6407051
CA-2014-116113,Consumer Total,Standard Class,719.7546104
CA-2014-114055,Consumer,Standard Class,721.2477695
CA-2011-142951,Tanaka Pfupajena Total,Standard Class,722.275945
CA-2011-100706,Consumer,First Class,722.6562755
US-2013-108637,Consumer,Standard Class,724.1038181
CA-2014-155705,Consumer,Second Class,724.4407509
CA-2011-149020,Tanaka Pfupajena Total,Second Class,724.7022281
CA-2012-168004,Home Office,Standard Class,725.8678994
CA-2011-130428,Consumer Total,Standard Class,726.2975898
US-2013-142251,Consumer,Standard Class,728.2071347
CA-2014-161592,Consumer Total,First Class,729.3399484
CA-2014-164917,Tanaka Pfupajena Total,Standard Class,734.1991036
CA-2013-162747,Tanaka Pfupajena Total,Standard Class,734.2638391
CA-2014-110198,Tanaka Pfupajena,Standard Class,740.4477209
CA-2014-154123,Consumer Total,Standard Class,740.9918647
CA-2011-101770,Home Office Total,Standard Class,741.7657687
CA-2011-149958,Consumer,Second Class,742.973613
CA-2011-163013,Consumer Total,Standard Class,743.8244078
CA-2012-166975,Consumer,First Class,744.8827536
CA-2012-120516,Consumer Total,Standard Class,749.346305
US-2014-109610,Consumer,Standard Class,753.3242008
CA-2014-155292,Consumer,Standard Class,754.3394119
Grand Total,Consumer Total,Standard Class,754.5481102
CA-2014-123687,Consumer Total,Standard Class,755.3649011
CA-2013-108567,Tanaka Pfupajena,Standard Class,759.4351292
CA-2011-113166,Tanaka Pfupajena Total,Standard Class,760.5658066
CA-2014-116939,Home Office Total,Standard Class,761.1749475
CA-2013-131065,Consumer Total,Standard Class,765.0256596
US-2012-130519,Consumer,Second Class,766.0395086
CA-2014-138975,Tanaka Pfupajena,Standard Class,768.1957631
CA-2014-124828,Consumer,Standard Class,768.8555355
CA-2011-116190,Tanaka Pfupajena Total,Standard Class,769.5187553
CA-2014-148810,Consumer Total,Standard Class,769.9706786
CA-2013-104276,Consumer Total,Standard Class,770.3315445
CA-2011-120432,Consumer Total,Standard Class,770.4484078
CA-2011-115357,Consumer Total,Standard Class,770.8183891
CA-2013-165827,Tanaka Pfupajena,Standard Class,771.2089786
CA-2013-131968,Consumer Total,Standard Class,771.8694795
CA-2012-118843,Consumer,Standard Class,773.1330028
Grand Total,Tanaka Pfupajena Total,Standard Class,778.554975
CA-2011-131541,Consumer Total,Standard Class,783.6570508
CA-2011-131527,Tanaka Pfupajena Total,Standard Class,784.8715662
CA-2012-154291,Home Office,Standard Class,790.3390318
CA-2011-140165,Consumer,Standard Class,790.9488895
US-2013-164630,Consumer Total,Standard Class,794.3186449
US-2013-121013,Consumer Total,Standard Class,794.619815
CA-2013-139381,Consumer Total,Standard Class,795.0217572
CA-2012-131422,Tanaka Pfupajena Total,Standard Class,800.4289232
CA-2014-138779,Consumer,Second Class,801.3958804
CA-2013-118934,Consumer,Standard Class,802.5205507
CA-2012-103093,Tanaka Pfupajena,Standard Class,802.6976163
CA-2011-114790,Tanaka Pfupajena Total,Standard Class,805.3095173
US-2014-166611,Tanaka Pfupajena Total,Standard Class,805.7330615
US-2014-149510,Home Office,Second Class,808.9495875
CA-2014-114055,Consumer Total,First Class,809.8542993
CA-2011-111934,Consumer,Standard Class,811.0491866
CA-2012-134719,Consumer Total,Standard Class,811.6168559
US-2013-146570,Consumer Total,Standard Class,812.0573458
CA-2011-129091,Tanaka Pfupajena,First Class,815.0926305
CA-2011-169775,Tanaka Pfupajena,Second Class,815.4662288
US-2014-153633,Consumer,Standard Class,818.7446246
CA-2014-102309,Consumer,Standard Class,820.4393358
CA-2014-165204,Consumer Total,Standard Class,820.8844995
CA-2014-130309,Home Office,Standard Class,822.8711068
CA-2012-140718,Consumer Total,Same Day,828.1707742
CA-2013-116232,Consumer,Same Day,830.1346316
CA-2013-148684,Home Office,Standard Class,831.3269233
CA-2014-103009,Tanaka Pfupajena Total,Standard Class,831.7742242
CA-2014-125745,Tanaka Pfupajena Total,Standard Class,831.9531855
CA-2014-129910,Home Office Total,Standard Class,834.7990292
CA-2011-100916,Consumer,Standard Class,837.0992978
CA-2011-125136,Tanaka Pfupajena Total,Standard Class,838.1876893
CA-2011-166457,Tanaka Pfupajena Total,Standard Class,839.3009822
US-2013-138408,Consumer Total,Standard Class,840.3197693
CA-2011-120432,Home Office Total,Standard Class,841.4793541
CA-2012-118843,Tanaka Pfupajena Total,Standard Class,842.2021624
CA-2013-109743,Consumer Total,Standard Class,844.0476696
CA-2011-116190,Tanaka Pfupajena Total,Standard Class,844.979476
CA-2011-110408,Home Office,Standard Class,845.0401905
CA-2011-124023,Tanaka Pfupajena,Standard Class,845.1115974
CA-2011-129819,Home Office Total,Standard Class,848.3586429
CA-2014-159135,Tanaka Pfupajena,Standard Class,848.5092986
CA-2011-108707,Consumer,Standard Class,848.9771801
CA-2013-121958,Tanaka Pfupajena Total,Standard Class,849.2209128
CA-2014-125745,Tanaka Pfupajena Total,Same Day,851.8159451
CA-2014-139948,Consumer Total,Standard Class,852.5537372
CA-2013-168536,Tanaka Pfupajena Total,First Class,856.251151
CA-2013-113733,Consumer Total,First Class,859.5942526
US-2014-166233,Consumer Total,Standard Class,859.6883938
CA-2013-140928,Home Office,First Class,860.5523712
CA-2012-128027,Consumer Total,Standard Class,862.8554118
CA-2012-134782,Tanaka Pfupajena,Standard Class,863.1899009
CA-2014-121314,Home Office Total,Standard Class,865.7655276
CA-2014-128300,Consumer Total,Standard Class,870.1453927
US-2014-165953,Consumer,Standard Class,872.5543111
CA-2013-156503,Consumer,Standard Class,873.308744
US-2011-118997,Home Office,Standard Class,875.5632596
CA-2012-154746,Home Office Total,Standard Class,875.5746828
US-2013-135209,Consumer Total,Same Day,876.2978507
US-2013-148803,Consumer Total,Second Class,876.3190591
Grand Total,Consumer Total,Standard Class,876.9042512
CA-2013-140977,Tanaka Pfupajena Total,Standard Class,878.2855842
CA-2014-110310,Consumer Total,Standard Class,882.1386009
CA-2012-133242,Consumer,Standard Class,882.318893
CA-2014-157854,Consumer,Standard Class,883.8948996
CA-2014-164917,Tanaka Pfupajena Total,First Class,886.1755609
CA-2014-159667,Consumer,Standard Class,888.0210547
CA-2014-124898,Tanaka Pfupajena,Standard Class,889.1651226
CA-2014-157854,Consumer Total,Standard Class,891.1044031
CA-2014-145737,Consumer Total,Standard Class,892.553093
CA-2013-118178,Consumer,Standard Class,893.4013818
CA-2012-150560,Consumer Total,Standard Class,894.5839101
CA-2013-162236,Consumer,Same Day,895.3432716
CA-2011-159681,Consumer Total,First Class,896.341118
CA-2011-166051,Tanaka Pfupajena,Standard Class,896.8997929
US-2012-149629,Tanaka Pfupajena,Standard Class,899.0978774
US-2014-152492,Home Office,Standard Class,899.1404642
CA-2013-146150,Tanaka Pfupajena Total,Standard Class,900.3219309
CA-2011-159681,Consumer Total,Standard Class,902.3913764
CA-2011-131541,Home Office Total,First Class,903.8122267
US-2011-167633,Consumer Total,Standard Class,907.2331933
US-2012-168935,Consumer,Standard Class,907.3496808
CA-2011-136567,Consumer,Standard Class,908.4363245
CA-2013-113845,Tanaka Pfupajena Total,Standard Class,909.0825856
CA-2014-158883,Consumer,Standard Class,910.6029047
CA-2012-102260,Tanaka Pfupajena,Standard Class,913.7663495
CA-2014-113481,Home Office Total,Standard Class,915.887214
CA-2011-114790,Tanaka Pfupajena Total,Standard Class,916.2918751
CA-2012-167696,Consumer Total,Second Class,918.406159
CA-2011-116407,Consumer,Standard Class,918.8732381
CA-2014-102554,Consumer Total,Standard Class,920.7077558
US-2013-161844,Consumer,Standard Class,922.0210362
CA-2011-117345,Tanaka Pfupajena,Standard Class,922.3195908
CA-2013-166282,Consumer,Standard Class,927.2227564
US-2013-153815,Home Office Total,Standard Class,930.737799
CA-2012-166604,Home Office Total,Standard Class,931.7829635
CA-2012-150560,Consumer Total,Standard Class,931.9512979
CA-2013-127985,Consumer Total,Standard Class,932.8601537
CA-2014-140627,Consumer Total,Standard Class,933.0101494
CA-2014-144498,Tanaka Pfupajena,Standard Class,933.2427091
CA-2013-143308,Home Office Total,Standard Class,934.2323276
CA-2012-145352,Consumer Total,Standard Class,935.071687
CA-2013-101525,Consumer,Standard Class,942.2164584
CA-2013-118073,Consumer,Standard Class,943.0512326
CA-2012-118843,Tanaka Pfupajena Total,Standard Class,944.1250435
CA-2014-101273,Tanaka Pfupajena,Standard Class,946.0720589
CA-2014-125745,Consumer,Standard Class,947.7444124
CA-2012-103793,Home Office Total,Standard Class,949.2918825
CA-2012-160059,Tanaka Pfupajena Total,Standard Class,949.9034385
US-2011-156559,Tanaka Pfupajena,Standard Class,949.9522681
CA-2011-104283,Home Office,Standard Class,951.3210378
CA-2014-161851,Consumer,Standard Class,954.4011458
CA-2011-114335,Home Office,Standard Class,955.5646162
US-2013-167472,Tanaka Pfupajena,Standard Class,955.9559347
CA-2014-100622,Consumer Total,Standard Class,957.2979199
CA-2012-104115,Tanaka Pfupajena,Standard Class,958.9333744
CA-2014-121419,Consumer,Standard Class,959.0291894
US-2014-165953,Consumer Total,Standard Class,963.859318
CA-2014-107167,Consumer Total,First Class,964.0121722
US-2014-126060,Consumer,Standard Class,964.1156434
CA-2011-152268,Home Office,Standard Class,964.5846413
CA-2014-161046,Tanaka Pfupajena,Standard Class,965.2281766
CA-2011-115084,Tanaka Pfupajena,Standard Class,965.3387835
CA-2012-100888,Home Office Total,Standard Class,966.1474157
US-2013-164588,Consumer,Standard Class,966.7903058
CA-2012-112375,Tanaka Pfupajena,Standard Class,967.1792786
CA-2013-130442,Tanaka Pfupajena,Standard Class,969.9187578
CA-2012-155600,Home Office,Standard Class,973.6819878
CA-2013-122518,Tanaka Pfupajena,Standard Class,975.4083766
CA-2014-148922,Tanaka Pfupajena,Standard Class,976.0890498
CA-2011-167199,Tanaka Pfupajena Total,Second Class,978.0265824
CA-2014-165715,Home Office Total,Second Class,979.9637646
CA-2014-149146,Consumer Total,Standard Class,980.3430407
CA-2013-106950,Consumer Total,Standard Class,981.2692437
CA-2012-103135,Consumer,Standard Class,982.8372755
CA-2011-148285,Consumer,Standard Class,984.0398956
CA-2014-134649,Home Office,First Class,984.0443805
CA-2013-101469,Consumer,Second Class,987.6336191
US-2014-148768,Consumer Total,First Class,989.8738913
US-2012-120572,Tanaka Pfupajena,Standard Class,990.4085735
CA-2014-158407,Consumer Total,Standard Class,992.2160202
CA-2011-163293,Consumer Total,Same Day,995.143869
CA-2013-110492,Home Office,Standard Class,1004.804684
CA-2013-113747,Consumer Total,Standard Class,1007.299503
CA-2011-153087,Consumer Total,Same Day,1007.596001
US-2013-148803,Tanaka Pfupajena,Standard Class,1008.085596
CA-2014-133928,Consumer Total,Standard Class,1008.103262
CA-2013-142895,Consumer Total,Standard Class,1010.788661
CA-2011-100706,Consumer Total,Standard Class,1012.380522
CA-2013-158841,Home Office,Standard Class,1013.494258
CA-2014-159954,Consumer Total,Standard Class,1014.768348
CA-2011-120670,Home Office Total,Standard Class,1020.777432
US-2014-148831,Tanaka Pfupajena,Standard Class,1021.24338
CA-2014-156272,Consumer,Standard Class,1021.930399
CA-2014-103009,Home Office Total,Second Class,1025.181492
US-2012-168732,Consumer,Standard Class,1025.481904
CA-2014-144498,Consumer,Standard Class,1026.5591
US-2012-106495,Home Office,Standard Class,1027.110255
CA-2011-163223,Tanaka Pfupajena Total,Standard Class,1027.880743
CA-2011-103989,Consumer,Standard Class,1030.798502
CA-2011-148285,Tanaka Pfupajena Total,Standard Class,1031.796282
CA-2013-121958,Tanaka Pfupajena,Standard Class,1032.344244
CA-2012-136224,Home Office Total,Standard Class,1033.479957
CA-2012-111703,Tanaka Pfupajena,Standard Class,1034.215125
CA-2014-161851,Consumer Total,Standard Class,1040.051784
CA-2013-138695,Home Office Total,Standard Class,1040.915719
US-2012-158911,Consumer,First Class,1042.672642
CA-2013-105662,Tanaka Pfupajena Total,Standard Class,1043.082294
CA-2014-128300,Tanaka Pfupajena,Standard Class,1043.499965
CA-2014-165904,Consumer Total,Standard Class,1044.803396
CA-2014-148474,Consumer,Standard Class,1045.452845
US-2014-100930,Tanaka Pfupajena Total,Second Class,1047.549937
CA-2013-157588,Home Office,Standard Class,1047.709325
CA-2014-165715,Home Office Total,Standard Class,1048.306634
CA-2014-160017,Home Office,Standard Class,1049.422558
CA-2013-140571,Consumer Total,First Class,1051.475608
CA-2013-112277,Home Office Total,Standard Class,1051.830773
CA-2012-158148,Home Office,Standard Class,1051.918935
US-2012-168935,Consumer,Standard Class,1056.644792
CA-2011-164315,Consumer Total,Standard Class,1059.96074
CA-2011-138527,Consumer Total,Standard Class,1060.110947
US-2013-146570,Consumer,Standard Class,1065.987179
CA-2013-112102,Consumer,Standard Class,1066.17202
CA-2014-156769,Consumer Total,Standard Class,1066.535936
CA-2012-129098,Tanaka Pfupajena Total,Standard Class,1068.451312
CA-2011-130155,Consumer Total,Standard Class,1070.574341
US-2011-117135,Home Office Total,Second Class,1070.975388
CA-2011-109043,Tanaka Pfupajena Total,Standard Class,1072.954384
CA-2012-123330,Tanaka Pfupajena,Standard Class,1073.964804
US-2013-148803,Consumer,Standard Class,1076.663479
US-2013-162677,Consumer,Standard Class,1077.204425
CA-2011-160276,Tanaka Pfupajena,Standard Class,1080.052214
CA-2014-102610,Tanaka Pfupajena Total,Second Class,1080.335778
CA-2013-112697,Consumer Total,Standard Class,1085.346135
CA-2012-134992,Home Office,Second Class,1087.569005
CA-2013-151155,Home Office Total,Standard Class,1090.958979
CA-2014-159135,Home Office,Second Class,1091.104309
CA-2011-152254,Tanaka Pfupajena Total,Standard Class,1092.875298
CA-2014-121804,Consumer,Second Class,1094.826599
CA-2013-101378,Consumer Total,Standard Class,1095.989961
US-2014-100930,Consumer,Standard Class,1100.786961
CA-2011-146731,Home Office,Standard Class,1101.570542
CA-2014-137631,Consumer Total,Standard Class,1103.235095
CA-2014-146535,Consumer Total,Standard Class,1107.909206
US-2014-146878,Home Office,Standard Class,1114.687238
CA-2012-102778,Home Office Total,Standard Class,1115.772564
CA-2011-152254,Consumer,Standard Class,1118.686471
CA-2013-136322,Tanaka Pfupajena,Standard Class,1118.920802
CA-2014-151218,Consumer,Standard Class,1126.050459
CA-2011-116407,Consumer Total,Standard Class,1127.471454
US-2014-146822,Tanaka Pfupajena Total,Standard Class,1129.793906
CA-2012-156328,Tanaka Pfupajena,Standard Class,1132.312829
CA-2013-157280,Tanaka Pfupajena,Standard Class,1134.495306
CA-2012-143119,Tanaka Pfupajena,Standard Class,1134.564719
CA-2014-138975,Tanaka Pfupajena Total,Second Class,1136.075233
CA-2014-100902,Consumer Total,Second Class,1137.442587
CA-2013-164735,Home Office,Standard Class,1140.539247
CA-2013-163174,Consumer,Second Class,1141.107117
CA-2013-149979,Tanaka Pfupajena Total,Standard Class,1145.560318
US-2013-164630,Tanaka Pfupajena,Standard Class,1146.154691
CA-2012-151624,Tanaka Pfupajena,Standard Class,1147.458611
CA-2011-155852,Home Office,Standard Class,1148.535877
CA-2014-122994,Consumer Total,Standard Class,1153.432975
CA-2012-134992,Tanaka Pfupajena Total,Standard Class,1155.302687
Grand Total,Home Office Total,First Class,1155.309485
US-2014-132031,Tanaka Pfupajena,Standard Class,1157.270873
Grand Total,Home Office Total,First Class,1160.571107
CA-2011-134551,Home Office,Standard Class,1161.412879
CA-2013-133368,Tanaka Pfupajena Total,Standard Class,1162.459305
CA-2012-109470,Consumer,Standard Class,1162.976876
CA-2014-150931,Tanaka Pfupajena Total,Standard Class,1164.156687
CA-2014-116939,Consumer,Standard Class,1164.26621
CA-2014-154123,Consumer,Second Class,1164.522705
CA-2014-119669,Home Office,Second Class,1166.585439
CA-2013-109911,Tanaka Pfupajena Total,First Class,1171.517318
CA-2012-135510,Tanaka Pfupajena Total,Standard Class,1172.99149
CA-2014-114055,Tanaka Pfupajena Total,Standard Class,1175.886977
CA-2013-104157,Consumer Total,Standard Class,1179.190742
CA-2012-130218,Tanaka Pfupajena,Standard Class,1180.474102
CA-2014-122693,Consumer Total,Second Class,1180.481773
CA-2012-120621,Home Office,Standard Class,1184.643346
CA-2014-116939,Home Office Total,Standard Class,1186.448966
CA-2014-127726,Consumer Total,Standard Class,1187.421019
CA-2012-142202,Tanaka Pfupajena,Standard Class,1188.933963
CA-2014-152786,Consumer,Standard Class,1201.318166
CA-2011-103366,Consumer,Standard Class,1201.772479
CA-2013-146150,Tanaka Pfupajena Total,Standard Class,1202.006974
CA-2014-124898,Consumer Total,Standard Class,1204.515418
CA-2014-159954,Consumer Total,First Class,1205.529971
US-2012-131842,Tanaka Pfupajena,Standard Class,1205.645098
CA-2013-134474,Home Office,Standard Class,1209.224542
CA-2013-106894,Consumer Total,Standard Class,1211.030425
CA-2014-128363,Home Office,Standard Class,1212.101275
CA-2013-121020,Home Office Total,Standard Class,1215.388403
US-2013-150357,Tanaka Pfupajena Total,Standard Class,1216.892094
US-2012-151435,Tanaka Pfupajena Total,Standard Class,1219.244199
CA-2014-133263,Consumer Total,Standard Class,1225.569367
US-2011-115196,Consumer,Standard Class,1228.078034
CA-2013-153318,Tanaka Pfupajena,Standard Class,1232.196548
CA-2014-116113,Consumer Total,Standard Class,1234.881351
CA-2012-158148,Consumer Total,Standard Class,1235.679172
US-2011-102715,Tanaka Pfupajena Total,Standard Class,1236.087285
US-2013-120929,Consumer,Standard Class,1237.62449
CA-2014-122987,Home Office,Standard Class,1239.666787
CA-2013-156573,Tanaka Pfupajena Total,Standard Class,1241.613295
CA-2014-169012,Consumer Total,First Class,1242.379299
US-2014-166233,Consumer Total,Standard Class,1243.533469
US-2014-115252,Consumer,Standard Class,1243.82597
US-2013-123750,Consumer Total,Standard Class,1243.835309
CA-2011-163223,Tanaka Pfupajena Total,Standard Class,1244.917559
CA-2014-158743,Consumer Total,Standard Class,1246.470598
US-2014-109610,Home Office,Standard Class,1249.736512
CA-2011-117639,Tanaka Pfupajena,Standard Class,1250.266292
CA-2011-114314,Consumer Total,Standard Class,1250.940629
US-2014-162670,Consumer Total,Standard Class,1251.904147
CA-2011-124688,Tanaka Pfupajena Total,Second Class,1257.291191
CA-2014-122707,Tanaka Pfupajena,Standard Class,1263.66571
CA-2013-124254,Consumer Total,Standard Class,1268.114912
CA-2014-151211,Consumer,Standard Class,1268.618878
US-2013-142251,Tanaka Pfupajena,Standard Class,1272.151925
US-2013-109260,Home Office,Second Class,1275.632232
CA-2013-112697,Consumer Total,Standard Class,1282.425805
CA-2012-153535,Tanaka Pfupajena,Standard Class,1284.950302
CA-2014-101273,Tanaka Pfupajena Total,Standard Class,1287.415645
CA-2013-104276,Consumer Total,Standard Class,1294.105794
CA-2011-166051,Tanaka Pfupajena,Second Class,1298.201516
CA-2012-109386,Consumer,Standard Class,1298.75677
CA-2013-139689,Consumer Total,Standard Class,1299.500689
CA-2014-104864,Consumer,Standard Class,1301.17015
CA-2014-151211,Tanaka Pfupajena Total,Second Class,1301.633432
CA-2014-167871,Consumer,Standard Class,1302.433476
CA-2014-148404,Tanaka Pfupajena,Standard Class,1303.194048
CA-2013-121958,Consumer Total,Standard Class,1304.631364
CA-2013-125843,Consumer,Standard Class,1304.80732
CA-2014-103212,Home Office,Standard Class,1307.399771
CA-2011-163223,Tanaka Pfupajena Total,Same Day,1308.403998
CA-2014-145310,Consumer,Standard Class,1314.145234
CA-2014-168389,Consumer,Standard Class,1318.778641
CA-2014-134649,Tanaka Pfupajena,Standard Class,1320.344267
CA-2014-158967,Consumer,Standard Class,1323.762326
CA-2011-156244,Consumer,Standard Class,1326.609371
CA-2012-147102,Tanaka Pfupajena,Standard Class,1327.395612
US-2013-108637,Tanaka Pfupajena,Second Class,1327.923857
CA-2012-168459,Tanaka Pfupajena,Second Class,1329.271835
US-2014-100930,Consumer,Standard Class,1329.933287
CA-2012-140718,Consumer,Standard Class,1330.535482
US-2013-135209,Consumer Total,Standard Class,1332.073834
CA-2013-169334,Tanaka Pfupajena Total,Standard Class,1332.151181
CA-2013-114713,Tanaka Pfupajena Total,Standard Class,1332.876063
US-2014-148831,Tanaka Pfupajena Total,Standard Class,1333.369201
CA-2013-157280,Home Office,Standard Class,1333.705174
CA-2012-112375,Tanaka Pfupajena Total,Standard Class,1334.401267
CA-2012-137106,Tanaka Pfupajena Total,Standard Class,1334.603524
CA-2011-101266,Consumer,Standard Class,1334.707658
US-2014-146822,Consumer Total,Standard Class,1338.968432
CA-2013-169103,Home Office,Standard Class,1339.562653
CA-2014-139353,Tanaka Pfupajena,Standard Class,1340.530536
CA-2014-139948,Consumer Total,Standard Class,1341.963183
CA-2014-119669,Tanaka Pfupajena Total,First Class,1348.712397
CA-2014-133641,Consumer,Standard Class,1350.377805
CA-2014-160017,Consumer,Second Class,1350.924573
US-2012-168935,Consumer Total,Standard Class,1354.672232
CA-2012-158323,Tanaka Pfupajena,Standard Class,1359.336426
CA-2014-118402,Tanaka Pfupajena Total,Standard Class,1364.389455
CA-2014-153339,Home Office Total,First Class,1365.107367
CA-2014-155089,Consumer Total,Standard Class,1365.16995
CA-2013-163174,Home Office Total,Same Day,1366.854131
CA-2012-168004,Home Office Total,Standard Class,1368.328083
US-2014-132675,Consumer,Standard Class,1370.688088
US-2013-144393,Consumer Total,Standard Class,1370.797459
CA-2012-119634,Tanaka Pfupajena,Standard Class,1374.181344
CA-2014-161851,Home Office,Standard Class,1374.783909
CA-2014-129462,Consumer,Standard Class,1377.621946
CA-2013-162159,Consumer,Standard Class,1379.471466
CA-2014-133095,Tanaka Pfupajena,Standard Class,1382.020146
CA-2014-159135,Consumer Total,Standard Class,1385.52211
CA-2014-159135,Tanaka Pfupajena Total,Standard Class,1387.687927
US-2013-150357,Tanaka Pfupajena,Standard Class,1389.049504
US-2011-107405,Tanaka Pfupajena Total,Standard Class,1389.374059
CA-2014-135587,Consumer,Standard Class,1392.152103
CA-2014-165204,Tanaka Pfupajena,Standard Class,1392.180007
US-2013-123750,Consumer Total,Standard Class,1402.905613
CA-2012-167696,Consumer Total,Second Class,1405.107623
CA-2013-113747,Tanaka Pfupajena Total,Standard Class,1405.509488
CA-2014-100426,Consumer,Standard Class,1406.843641
CA-2013-152471,Consumer,Standard Class,1409.886667
CA-2013-166485,Home Office Total,Standard Class,1410.425083
US-2013-148803,Home Office Total,Standard Class,1410.443942
CA-2014-141614,Consumer Total,Standard Class,1411.270808
CA-2012-102722,Consumer Total,Standard Class,1412.081509
CA-2011-103989,Tanaka Pfupajena Total,Standard Class,1412.274988
CA-2011-146885,Consumer Total,Standard Class,1412.465941
CA-2013-119823,Consumer Total,First Class,1414.097975
CA-2014-125745,Home Office,Second Class,1421.695493
CA-2013-133872,Tanaka Pfupajena Total,Same Day,1421.796838
CA-2012-154291,Consumer,Standard Class,1421.901251
CA-2014-118402,Consumer Total,Standard Class,1424.683763
CA-2013-144344,Tanaka Pfupajena,Standard Class,1425.209182
CA-2011-159184,Consumer Total,Standard Class,1427.175893
CA-2012-123330,Consumer Total,Standard Class,1427.954088
CA-2014-162635,Consumer Total,Standard Class,1431.33513
CA-2012-131422,Consumer Total,Same Day,1441.707328
CA-2014-153339,Tanaka Pfupajena Total,Second Class,1444.116988
CA-2012-137106,Consumer,Standard Class,1445.821897
CA-2011-153087,Home Office,Standard Class,1450.123973
US-2013-155404,Consumer Total,First Class,1452.089345
CA-2011-115357,Consumer,First Class,1453.661772
CA-2014-134649,Consumer,Standard Class,1455.206281
CA-2013-154060,Tanaka Pfupajena,First Class,1457.080116
CA-2014-110212,Home Office,Standard Class,1459.473687
CA-2013-164735,Consumer,Standard Class,1460.494326
CA-2013-168536,Consumer Total,First Class,1460.727796
CA-2011-103317,Tanaka Pfupajena Total,Standard Class,1467.899717
CA-2014-167871,Tanaka Pfupajena,Standard Class,1472.513951
CA-2013-109911,Consumer Total,Standard Class,1472.867456
US-2013-109260,Consumer,Second Class,1473.982348
CA-2013-113236,Home Office Total,Standard Class,1478.580177
US-2013-167472,Consumer,First Class,1481.198612
US-2011-155544,Tanaka Pfupajena,Second Class,1481.209122
CA-2014-102736,Tanaka Pfupajena Total,Standard Class,1487.356873
CA-2011-131905,Tanaka Pfupajena,Standard Class,1487.66783
CA-2013-164784,Home Office Total,Standard Class,1488.404108
CA-2014-148166,Home Office Total,Standard Class,1489.526403
CA-2013-143308,Consumer Total,Second Class,1491.179056
US-2012-164357,Consumer,Second Class,1494.571766
CA-2014-129462,Tanaka Pfupajena,Standard Class,1496.644532
CA-2011-100706,Consumer Total,First Class,1499.097198
CA-2014-118402,Consumer,Standard Class,1501.209783
CA-2011-142727,Consumer Total,Standard Class,1506.442507
CA-2013-109407,Home Office Total,Standard Class,1508.23495
US-2014-168690,Home Office,Standard Class,1511.466681
CA-2012-143119,Tanaka Pfupajena,Standard Class,1514.338366
CA-2014-145737,Consumer,Standard Class,1516.871542
CA-2014-144694,Home Office Total,First Class,1518.789094
CA-2014-124898,Tanaka Pfupajena,Standard Class,1519.251764
CA-2013-121958,Tanaka Pfupajena,Second Class,1519.656907
CA-2012-104038,Consumer Total,Standard Class,1520.251391
US-2012-130519,Consumer,Standard Class,1520.709428
CA-2011-136861,Consumer,Standard Class,1522.267585
US-2013-123750,Consumer,Second Class,1527.767701
CA-2013-119515,Tanaka Pfupajena,Standard Class,1528.71498
CA-2013-113845,Consumer Total,Standard Class,1528.858468
CA-2012-109470,Tanaka Pfupajena Total,Standard Class,1532.995127
CA-2012-121720,Consumer,Standard Class,1533.631604
CA-2014-109589,Consumer Total,Standard Class,1535.403899
US-2012-140851,Consumer Total,Standard Class,1535.975309
CA-2011-137911,Consumer,Standard Class,1538.893648
CA-2011-131541,Tanaka Pfupajena Total,First Class,1540.31996
CA-2014-160423,Home Office,Standard Class,1540.532188
CA-2011-101560,Consumer Total,Same Day,1542.830277
CA-2011-129819,Consumer,Standard Class,1547.812043
CA-2014-163321,Consumer Total,Standard Class,1547.890935
CA-2013-157364,Consumer,Standard Class,1549.296633
US-2014-135503,Consumer,Standard Class,1549.329684
US-2012-129553,Tanaka Pfupajena,First Class,1549.851776
CA-2011-107573,Consumer,Standard Class,1550.257329
CA-2014-117079,Tanaka Pfupajena Total,Standard Class,1551.912731
US-2012-130519,Home Office,Standard Class,1552.926572
CA-2013-123533,Consumer,Standard Class,1553.774609
US-2013-120929,Consumer Total,Second Class,1556.90308
CA-2012-158421,Consumer Total,Standard Class,1560.237209
CA-2014-123687,Consumer,Standard Class,1563.860744
CA-2011-103317,Consumer Total,Standard Class,1567.400737
CA-2011-157609,Consumer,Standard Class,1569.317889
CA-2011-106810,Home Office Total,Standard Class,1569.624242
CA-2014-160899,Consumer Total,Standard Class,1571.292431
CA-2013-165470,Tanaka Pfupajena Total,Second Class,1573.035518
CA-2011-110422,Consumer Total,Standard Class,1574.334299
CA-2011-125136,Consumer Total,Standard Class,1577.925341
US-2012-149629,Tanaka Pfupajena,Standard Class,1579.48044
CA-2014-128475,Consumer Total,Standard Class,1581.019674
CA-2012-102778,Home Office Total,Standard Class,1585.303913
CA-2013-165316,Tanaka Pfupajena,Standard Class,1586.017664
US-2013-106600,Consumer Total,Second Class,1586.194117
CA-2013-108105,Tanaka Pfupajena Total,Second Class,1587.963925
US-2013-153815,Home Office Total,Standard Class,1590.775222
CA-2012-115847,Consumer Total,Second Class,1592.524052
CA-2012-137281,Consumer,Standard Class,1593.289788
CA-2011-132612,Consumer Total,Standard Class,1593.43585
CA-2014-109589,Consumer,Standard Class,1600.037531
US-2011-147774,Consumer Total,Standard Class,1604.710229
CA-2012-147102,Consumer,Standard Class,1606.177819
US-2014-126179,Tanaka Pfupajena,Standard Class,1610.657745
US-2014-120607,Consumer,Same Day,1611.956717
CA-2012-115847,Consumer,Standard Class,1614.742282
US-2012-148817,Consumer,Standard Class,1615.660713
CA-2012-169740,Home Office,Second Class,1626.804484
CA-2013-109911,Home Office Total,Standard Class,1630.778475
CA-2014-158967,Consumer,Second Class,1637.447604
CA-2014-116855,Consumer,Standard Class,1639.929076
CA-2011-161634,Consumer Total,Standard Class,1640.528095
US-2014-128118,Home Office Total,Standard Class,1642.731925
CA-2011-138709,Home Office,Second Class,1644.545068
CA-2013-163174,Tanaka Pfupajena,Standard Class,1644.911613
CA-2011-134551,Consumer,First Class,1647.148879
US-2011-102715,Consumer Total,Second Class,1647.378815
CA-2014-153654,Consumer Total,Standard Class,1647.956187
CA-2011-164749,Tanaka Pfupajena,Standard Class,1649.796746
CA-2014-134649,Consumer,Second Class,1650.855972
CA-2014-141446,Home Office,Standard Class,1660.0217
CA-2011-160276,Consumer Total,Second Class,1661.140484
US-2014-126179,Consumer,Standard Class,1663.064687
CA-2012-100769,Tanaka Pfupajena Total,Standard Class,1667.880607
CA-2011-137911,Home Office Total,Standard Class,1684.006523
CA-2012-128027,Consumer Total,Standard Class,1688.40165
CA-2013-159142,Consumer Total,First Class,1688.606059
CA-2014-124828,Consumer,Standard Class,1690.393873
CA-2014-160423,Consumer Total,Second Class,1691.33359
CA-2014-146192,Consumer Total,Second Class,1692.35931
CA-2014-137631,Tanaka Pfupajena,Second Class,1694.443357
CA-2014-140088,Consumer Total,Second Class,1695.677748
CA-2013-156503,Home Office,Standard Class,1698.156057
CA-2013-125017,Home Office,Standard Class,1700.768607
CA-2012-138457,Home Office,Standard Class,1705.142028
CA-2013-127985,Tanaka Pfupajena,Standard Class,1705.854303
CA-2013-136322,Consumer,Standard Class,1712.120964
CA-2012-156734,Consumer,Standard Class,1712.547486
CA-2014-147760,Consumer Total,Second Class,1714.065296
CA-2012-103793,Consumer,Standard Class,1717.524794
CA-2013-138695,Consumer Total,Standard Class,1719.015312
CA-2014-146983,Tanaka Pfupajena,Standard Class,1720.379845
CA-2012-101868,Consumer Total,Standard Class,1724.858073
US-2011-158057,Tanaka Pfupajena,Standard Class,1725.185037
CA-2014-137631,Tanaka Pfupajena Total,First Class,1725.423129
US-2013-137295,Consumer,Standard Class,1731.464467
CA-2012-109470,Home Office,Standard Class,1731.666415
CA-2013-166380,Consumer Total,First Class,1733.982723
CA-2014-128755,Consumer Total,First Class,1736.176213
US-2011-107405,Consumer,Standard Class,1738.060558
CA-2013-159212,Consumer,Standard Class,1741.340439
US-2013-106600,Consumer,Standard Class,1742.231793
CA-2012-103093,Consumer,Standard Class,1743.333007
CA-2014-159464,Tanaka Pfupajena Total,Standard Class,1745.555756
US-2012-140851,Tanaka Pfupajena Total,Second Class,1747.486678
Grand Total,Home Office Total,Standard Class,1748.182163
CA-2011-128839,Tanaka Pfupajena Total,Second Class,1749.981684
CA-2013-130001,Consumer,Standard Class,1750.249974
CA-2012-147879,Consumer,Standard Class,1750.424687
CA-2014-160423,Tanaka Pfupajena Total,Standard Class,1753.165729
CA-2013-110492,Consumer,Same Day,1753.790687
CA-2011-149538,Consumer,Standard Class,1755.735724
CA-2011-112718,Consumer,Standard Class,1756.285871
CA-2011-158274,Home Office Total,Standard Class,1756.513432
CA-2013-145247,Home Office Total,Standard Class,1762.590582
CA-2014-142671,Consumer Total,Standard Class,1765.247575
CA-2014-151218,Consumer Total,Standard Class,1767.011988
CA-2013-163167,Consumer Total,Standard Class,1768.204778
US-2013-123750,Tanaka Pfupajena Total,Standard Class,1768.600821
CA-2013-154060,Consumer Total,Second Class,1770.31706
US-2012-123960,Tanaka Pfupajena Total,Second Class,1773.011765
CA-2013-169103,Consumer,Standard Class,1774.392365
CA-2014-133235,Consumer,Standard Class,1781.184397
CA-2011-113047,Tanaka Pfupajena,Standard Class,1782.295068
CA-2014-165029,Tanaka Pfupajena,Standard Class,1782.837717
CA-2013-119074,Tanaka Pfupajena Total,Second Class,1784.259275
CA-2012-149734,Consumer Total,Standard Class,1785.009081
CA-2014-142090,Tanaka Pfupajena Total,Standard Class,1786.065286
CA-2014-158967,Home Office Total,Standard Class,1786.736396
CA-2012-113628,Consumer Total,Standard Class,1787.290615
CA-2013-101378,Home Office Total,Standard Class,1792.363719
CA-2014-132185,Consumer,Standard Class,1798.590091
CA-2012-158421,Consumer,Standard Class,1801.355286
CA-2014-156272,Consumer,Standard Class,1806.023008
CA-2013-118514,Consumer Total,Standard Class,1806.685112
CA-2014-164756,Consumer,Standard Class,1807.719985
US-2013-120929,Home Office Total,Standard Class,1808.425337
US-2014-100930,Consumer,Second Class,1808.475072
CA-2012-129098,Consumer Total,Standard Class,1814.761259
CA-2014-139948,Tanaka Pfupajena,Second Class,1816.533199
CA-2012-104038,Consumer,Standard Class,1816.782501
CA-2014-123239,Consumer,Standard Class,1819.750646
US-2013-150567,Consumer Total,Standard Class,1819.844631
US-2014-128118,Home Office Total,Standard Class,1830.732264
CA-2014-116113,Home Office,Second Class,1833.057976
CA-2012-153549,Home Office,Standard Class,1834.345468
CA-2013-134789,Tanaka Pfupajena Total,Standard Class,1834.645272
CA-2013-134516,Home Office Total,Standard Class,1842.956619
CA-2012-102491,Tanaka Pfupajena,Second Class,1844.035543
CA-2014-122707,Home Office Total,Standard Class,1844.128588
CA-2012-113628,Consumer,Standard Class,1844.35825
CA-2014-121818,Tanaka Pfupajena Total,Standard Class,1846.882186
US-2014-148768,Tanaka Pfupajena Total,First Class,1847.27045
CA-2014-140088,Tanaka Pfupajena Total,Standard Class,1852.750076
US-2014-156083,Consumer,Standard Class,1859.863584
CA-2014-158386,Tanaka Pfupajena,Standard Class,1860.316746
CA-2013-151155,Home Office,Standard Class,1860.696987
CA-2011-149538,Consumer Total,Standard Class,1861.523662
CA-2014-163510,Consumer Total,Standard Class,1861.639555
CA-2014-152968,Consumer Total,Second Class,1863.162906
CA-2014-147760,Consumer,Standard Class,1864.75881
CA-2013-124254,Home Office Total,Standard Class,1869.761157
CA-2014-126774,Consumer,Standard Class,1870.223701
US-2011-130358,Tanaka Pfupajena,Standard Class,1871.133017
CA-2012-153549,Home Office Total,Standard Class,1874.841886
US-2014-168690,Consumer Total,Standard Class,1875.792419
CA-2011-152849,Tanaka Pfupajena Total,Standard Class,1882.392595
US-2014-146822,Consumer Total,Standard Class,1886.482965
CA-2011-161634,Home Office Total,Standard Class,1891.774163
US-2014-159205,Home Office Total,Standard Class,1892.278955
CA-2013-156573,Home Office,Standard Class,1892.626909
CA-2014-154088,Consumer Total,Standard Class,1893.275375
CA-2013-133711,Consumer Total,Second Class,1894.379127
CA-2012-141327,Home Office Total,Standard Class,1895.322756
CA-2014-121818,Tanaka Pfupajena,Standard Class,1897.208788
CA-2013-125017,Home Office Total,Second Class,1898.308576
CA-2014-160423,Consumer,Standard Class,1898.709943
US-2014-128951,Tanaka Pfupajena,Standard Class,1900.416587
CA-2011-103366,Consumer,Standard Class,1906.375571
CA-2014-165904,Tanaka Pfupajena Total,Standard Class,1908.659734
CA-2011-116568,Tanaka Pfupajena,Standard Class,1911.130473
CA-2012-116750,Consumer Total,Standard Class,1915.15158
US-2014-146822,Consumer,Standard Class,1920.022419
CA-2012-117828,Consumer,Standard Class,1922.696935
US-2012-168732,Consumer,Standard Class,1923.33029
US-2013-121013,Tanaka Pfupajena Total,Standard Class,1930.672043
CA-2013-132549,Tanaka Pfupajena,Standard Class,1931.102604
CA-2014-150910,Tanaka Pfupajena,Standard Class,1933.501477
CA-2013-139381,Tanaka Pfupajena Total,Standard Class,1934.190718
CA-2014-123351,Tanaka Pfupajena Total,Standard Class,1936.446269
CA-2011-101770,Home Office Total,Standard Class,1939.589163
CA-2014-108287,Consumer Total,Standard Class,1940.187792
CA-2012-104941,Consumer Total,Standard Class,1944.453858
CA-2013-102092,Tanaka Pfupajena Total,Standard Class,1948.780656
CA-2014-110212,Consumer Total,Standard Class,1956.520353
US-2014-165953,Consumer Total,Standard Class,1956.571639
CA-2014-118402,Consumer,Standard Class,1958.332514
CA-2014-115882,Consumer,Standard Class,1958.938132
CA-2012-133977,Consumer,Standard Class,1974.003989
CA-2013-166380,Tanaka Pfupajena Total,Standard Class,1975.412569
CA-2011-115357,Consumer Total,Standard Class,1976.960296
CA-2013-117604,Consumer Total,Standard Class,1979.460694
US-2013-148901,Tanaka Pfupajena,Standard Class,1979.864347
CA-2014-112774,Tanaka Pfupajena Total,Standard Class,1983.356252
CA-2012-122266,Home Office Total,Standard Class,1985.216133
CA-2012-113628,Consumer,Standard Class,1985.440239
CA-2014-130904,Consumer Total,Standard Class,1990.223953
US-2013-135209,Tanaka Pfupajena Total,Second Class,1992.869355
CA-2014-121804,Consumer,Standard Class,1994.321481
CA-2011-100706,Tanaka Pfupajena Total,Standard Class,1996.654078
CA-2013-123414,Tanaka Pfupajena,Standard Class,2001.818954
CA-2013-117604,Tanaka Pfupajena,Standard Class,2005.152326
CA-2012-133396,Tanaka Pfupajena,First Class,2005.256953
CA-2014-136826,Home Office Total,Standard Class,2005.567865
CA-2011-124618,Tanaka Pfupajena Total,Second Class,2006.701028
CA-2014-126382,Consumer Total,Standard Class,2010.891132
CA-2013-109722,Tanaka Pfupajena Total,Standard Class,2011.982202
CA-2013-109344,Home Office Total,Standard Class,2017.02786
CA-2014-150931,Consumer,Standard Class,2017.121871
US-2014-115252,Tanaka Pfupajena,Standard Class,2017.432871
CA-2014-121419,Tanaka Pfupajena Total,Standard Class,2024.429227
CA-2013-164784,Home Office Total,Standard Class,2031.629044
CA-2011-149538,Consumer,Standard Class,2031.760289
CA-2013-127208,Consumer Total,Standard Class,2035.226245
US-2014-132675,Consumer Total,Standard Class,2037.144711
CA-2013-112102,Home Office Total,Standard Class,2041.53701
CA-2014-152968,Consumer Total,Standard Class,2042.604761
CA-2012-106187,Tanaka Pfupajena,Standard Class,2047.459116
CA-2014-108035,Consumer Total,Standard Class,2048.446754
CA-2012-100769,Home Office,Second Class,2054.150053
CA-2013-150000,Home Office Total,Standard Class,2055.225334
CA-2012-149734,Consumer,First Class,2055.373445
US-2014-108063,Consumer Total,Standard Class,2058.339222
CA-2014-155089,Consumer Total,Standard Class,2059.886773
CA-2013-142370,Home Office Total,First Class,2067.024037
CA-2012-168004,Tanaka Pfupajena,Standard Class,2071.143621
CA-2014-161130,Tanaka Pfupajena Total,Second Class,2074.024921
CA-2014-121818,Consumer Total,Standard Class,2082.056767
CA-2011-100293,Tanaka Pfupajena,Standard Class,2083.171346
CA-2014-160458,Consumer Total,Standard Class,2084.955286
CA-2013-112277,Consumer Total,Second Class,2086.826295
CA-2014-129490,Consumer,Standard Class,2092.295486
CA-2013-145709,Tanaka Pfupajena,Standard Class,2093.314222
CA-2014-123239,Tanaka Pfupajena,Standard Class,2093.504422
CA-2013-118626,Consumer,Second Class,2094.231465
CA-2012-112375,Tanaka Pfupajena Total,Standard Class,2100.85911
CA-2012-108259,Tanaka Pfupajena Total,Standard Class,2109.685681
CA-2012-110345,Consumer Total,Second Class,2109.899719
CA-2012-160059,Consumer,Standard Class,2114.882564
CA-2012-125976,Consumer,Standard Class,2118.138755
CA-2014-104864,Consumer Total,Standard Class,2123.964914
CA-2013-102092,Tanaka Pfupajena,Standard Class,2125.529095
CA-2012-150308,Tanaka Pfupajena Total,Standard Class,2126.331246
CA-2013-155439,Tanaka Pfupajena,Standard Class,2132.737624
CA-2014-161970,Tanaka Pfupajena,Second Class,2135.904091
CA-2011-130428,Tanaka Pfupajena Total,Standard Class,2139.295486
CA-2012-138457,Consumer Total,Standard Class,2139.390638
CA-2012-103772,Consumer,Standard Class,2144.586983
CA-2013-154690,Home Office,Standard Class,2144.927683
CA-2014-121818,Consumer Total,Standard Class,2146.813031
CA-2014-156769,Consumer Total,Standard Class,2147.427446
CA-2011-136861,Tanaka Pfupajena,Standard Class,2158.142272
CA-2012-121552,Home Office,Standard Class,2158.989836
CA-2014-127726,Consumer,Standard Class,2159.928636
CA-2011-137911,Tanaka Pfupajena Total,Standard Class,2162.141414
CA-2013-140641,Consumer,Standard Class,2166.154698
CA-2011-142727,Home Office,Second Class,2167.954982
CA-2011-108707,Consumer Total,Standard Class,2168.357661
CA-2014-103499,Consumer Total,Standard Class,2173.500261
US-2013-144393,Consumer Total,Standard Class,2176.22801
CA-2014-158967,Tanaka Pfupajena,Standard Class,2179.917956
CA-2011-127299,Consumer Total,Standard Class,2180.340717
US-2013-109260,Consumer,Standard Class,2185.281683
CA-2012-104941,Tanaka Pfupajena Total,Standard Class,2186.76485
CA-2011-155852,Home Office Total,First Class,2192.610345
CA-2013-116918,Consumer Total,Same Day,2192.61849
CA-2013-112697,Consumer,Standard Class,2192.848915
CA-2011-146885,Consumer Total,Standard Class,2193.638293
CA-2013-136483,Home Office,First Class,2194.494335
US-2014-148831,Consumer Total,First Class,2196.162869
CA-2014-148474,Home Office,Standard Class,2196.628976
CA-2014-157931,Tanaka Pfupajena,Same Day,2202.970064
CA-2014-168102,Consumer,Standard Class,2203.957729
CA-2011-120670,Consumer,Standard Class,2205.583768
CA-2012-163965,Consumer,Second Class,2207.623781
CA-2014-102736,Home Office,Standard Class,2210.724809
CA-2014-110198,Consumer Total,Second Class,2214.656832
CA-2013-102092,Home Office,Standard Class,2222.951793
US-2012-140851,Consumer Total,Standard Class,2225.66779
CA-2012-122168,Consumer,First Class,2226.128523
CA-2013-139269,Consumer,Second Class,2227.127945
CA-2011-158771,Consumer Total,Standard Class,2227.93611
CA-2014-146983,Consumer Total,Standard Class,2228.01066
CA-2012-141565,Consumer,Standard Class,2229.571353
CA-2012-153626,Consumer,Standard Class,2232.925661
CA-2012-169572,Consumer,Standard Class,2236.272207
CA-2014-119305,Consumer Total,Standard Class,2238.578886
CA-2014-163321,Consumer,First Class,2239.884072
CA-2012-150308,Tanaka Pfupajena Total,Standard Class,2240.20131
CA-2014-121419,Consumer,Standard Class,2248.095686
US-2012-164357,Consumer Total,Standard Class,2249.077337
Grand Total,Consumer Total,Standard Class,2250.704311
CA-2014-120894,Tanaka Pfupajena Total,Second Class,2254.299765
US-2013-102232,Home Office,Standard Class,2255.24037
CA-2014-113705,Consumer,Standard Class,2257.235308
CA-2014-139619,Consumer,Standard Class,2260.862883
CA-2014-157854,Tanaka Pfupajena,Standard Class,2261.55914
CA-2014-164756,Tanaka Pfupajena,Standard Class,2262.62485
CA-2013-142895,Consumer Total,Standard Class,2263.321283
CA-2011-152849,Home Office,Standard Class,2269.376622
US-2013-156692,Tanaka Pfupajena Total,Standard Class,2269.682585
CA-2011-100706,Tanaka Pfupajena,Standard Class,2273.042599
CA-2012-156734,Consumer Total,Standard Class,2273.46507
CA-2014-116939,Home Office,Standard Class,2273.558578
CA-2013-169334,Consumer,Standard Class,2273.643072
CA-2013-165316,Home Office,Standard Class,2273.718349
CA-2012-116750,Home Office Total,Standard Class,2279.660352
CA-2013-112676,Consumer Total,Standard Class,2280.523825
CA-2013-121958,Tanaka Pfupajena,Standard Class,2285.186596
CA-2011-165806,Consumer,Standard Class,2286.040575
CA-2012-104115,Tanaka Pfupajena Total,Standard Class,2286.73089
CA-2013-144344,Consumer,Standard Class,2287.171188
CA-2014-119669,Consumer Total,Standard Class,2292.522624
CA-2014-144498,Tanaka Pfupajena,Second Class,2294.528141
CA-2014-122707,Consumer Total,Standard Class,2297.280719
CA-2014-121804,Home Office Total,Standard Class,2303.737074
CA-2013-134208,Home Office Total,Standard Class,2310.270579
Grand Total,Tanaka Pfupajena Total,Standard Class,2311.668398
CA-2013-149111,Tanaka Pfupajena,Second Class,2312.024211
CA-2014-134649,Consumer,Standard Class,2314.052602
CA-2012-136147,Consumer,Standard Class,2316.979349
CA-2014-139948,Consumer Total,Standard Class,2320.327684
CA-2012-169733,Tanaka Pfupajena Total,Standard Class,2322.313174
CA-2014-102204,Tanaka Pfupajena Total,Standard Class,2322.447012
CA-2014-143756,Consumer,Second Class,2325.586302
CA-2014-106537,Consumer,Second Class,2326.167892
US-2014-152492,Tanaka Pfupajena Total,Standard Class,2326.413157
US-2013-147991,Consumer,Standard Class,2326.982077
CA-2014-117695,Home Office Total,Standard Class,2327.296226
CA-2013-163776,Consumer Total,Standard Class,2328.042149
CA-2014-144694,Consumer,Standard Class,2334.097066
CA-2011-101266,Consumer Total,Standard Class,2337.291103
CA-2012-122168,Tanaka Pfupajena,First Class,2338.81615
CA-2013-152156,Tanaka Pfupajena,Standard Class,2340.445035
CA-2013-124254,Consumer,Standard Class,2340.940311
CA-2013-162236,Home Office Total,Standard Class,2346.524681
CA-2011-169257,Consumer Total,Standard Class,2346.984642
CA-2012-158421,Consumer,Standard Class,2348.094922
CA-2014-123239,Consumer,Standard Class,2355.771192
CA-2012-128139,Home Office Total,First Class,2361.849911
CA-2014-154088,Tanaka Pfupajena,Standard Class,2362.138727
CA-2012-110247,Consumer Total,Standard Class,2362.303535
CA-2014-110198,Consumer Total,Same Day,2365.099774
CA-2011-169257,Home Office Total,Standard Class,2370.565429
CA-2012-160696,Tanaka Pfupajena Total,Standard Class,2371.220184
US-2014-135503,Tanaka Pfupajena,Standard Class,2378.71865
CA-2013-110492,Tanaka Pfupajena,Standard Class,2382.341452
CA-2012-122266,Home Office,Standard Class,2384.215401
CA-2012-134782,Consumer,Standard Class,2386.458033
CA-2012-109470,Consumer Total,Standard Class,2386.888134
CA-2014-133095,Consumer Total,Standard Class,2392.983901
US-2013-131891,Home Office,First Class,2401.449216
CA-2012-123330,Tanaka Pfupajena Total,Standard Class,2401.962633
US-2013-121013,Consumer,Standard Class,2412.868181
CA-2013-112676,Home Office,Standard Class,2418.176935
US-2014-133781,Consumer Total,Standard Class,2419.337165
CA-2012-147102,Consumer Total,Standard Class,2422.794745
CA-2014-129021,Consumer,First Class,2430.684168
US-2012-108966,Tanaka Pfupajena Total,Standard Class,2431.250358
CA-2013-155439,Consumer Total,Standard Class,2438.657669
CA-2014-121818,Tanaka Pfupajena Total,Standard Class,2442.078424
CA-2013-156573,Tanaka Pfupajena Total,Standard Class,2442.594359
CA-2013-133872,Consumer,Standard Class,2448.976171
CA-2014-139787,Tanaka Pfupajena Total,Standard Class,2449.471421
CA-2012-120621,Consumer,First Class,2451.306073
CA-2011-100895,Tanaka Pfupajena Total,Standard Class,2451.832789
CA-2013-136231,Consumer Total,Standard Class,2452.292871
CA-2014-134810,Tanaka Pfupajena,Standard Class,2452.785623
CA-2013-147368,Tanaka Pfupajena,Second Class,2453.970566
CA-2013-106950,Consumer,Standard Class,2458.623269
US-2014-167920,Tanaka Pfupajena Total,Standard Class,2465.946227
CA-2014-122987,Tanaka Pfupajena Total,Standard Class,2467.184806
US-2013-101616,Consumer Total,Standard Class,2467.29886
CA-2013-123533,Consumer Total,Second Class,2468.093267
CA-2011-121286,Tanaka Pfupajena Total,Standard Class,2471.265289
CA-2011-116568,Home Office Total,Standard Class,2471.651167
US-2013-102232,Consumer Total,Standard Class,2476.318279
CA-2013-168753,Consumer,Second Class,2476.783556
CA-2014-139948,Consumer Total,Standard Class,2479.393148
CA-2014-162635,Consumer,Standard Class,2480.917939
CA-2013-130820,Home Office Total,Standard Class,2482.588838
CA-2011-158274,Consumer,Standard Class,2491.414443
CA-2013-116918,Consumer,Standard Class,2493.460684
CA-2014-124597,Consumer Total,Standard Class,2494.980304
CA-2012-149300,Home Office,Standard Class,2496.774922
US-2011-109162,Home Office,Standard Class,2497.016718
CA-2014-110212,Tanaka Pfupajena,Standard Class,2506.169396
CA-2012-121720,Consumer,First Class,2507.236653
CA-2011-166457,Consumer Total,Standard Class,2509.839015
CA-2012-137106,Tanaka Pfupajena,First Class,2525.564773
CA-2014-165715,Consumer,First Class,2539.057414
CA-2012-141327,Home Office Total,Standard Class,2545.13335
CA-2012-120845,Tanaka Pfupajena Total,Standard Class,2550.252737
CA-2011-169684,Consumer Total,Standard Class,2550.375904
CA-2012-133242,Consumer,Standard Class,2552.40524
CA-2014-146983,Consumer,Standard Class,2552.734184
US-2013-167472,Tanaka Pfupajena,Second Class,2553.75962
CA-2012-161445,Tanaka Pfupajena Total,Standard Class,2554.206562
CA-2014-161592,Consumer Total,Standard Class,2554.286459
CA-2012-154921,Consumer Total,Standard Class,2560.068144
US-2011-165659,Home Office Total,Standard Class,2562.852446
CA-2013-144344,Tanaka Pfupajena,Standard Class,2563.313792
CA-2012-134894,Consumer,Standard Class,2570.301952
CA-2014-160724,Tanaka Pfupajena Total,Standard Class,2571.496269
CA-2011-165764,Consumer,Standard Class,2572.830751
CA-2013-162355,Consumer,Standard Class,2577.317707
CA-2011-153913,Consumer Total,Standard Class,2577.969455
CA-2011-164749,Consumer Total,Standard Class,2583.973557
US-2011-147774,Home Office,Standard Class,2585.254339
US-2014-166611,Home Office,Standard Class,2589.105179
CA-2014-168389,Consumer,Standard Class,2591.980262
CA-2014-127726,Tanaka Pfupajena Total,Second Class,2595.427126
CA-2013-142895,Tanaka Pfupajena Total,Second Class,2601.867549
CA-2014-134649,Home Office Total,Standard Class,2603.432704
CA-2011-149958,Consumer,Standard Class,2609.680052
CA-2013-146150,Consumer,Standard Class,2617.786601
CA-2014-146458,Consumer Total,Standard Class,2622.308575
CA-2012-109386,Tanaka Pfupajena,First Class,2628.688427
CA-2011-131905,Consumer,Standard Class,2629.419523
CA-2014-141614,Tanaka Pfupajena,Second Class,2629.698635
CA-2014-116939,Consumer,First Class,2646.749724
CA-2012-136224,Consumer Total,Standard Class,2651.826685
CA-2014-154816,Consumer,Standard Class,2652.335097
CA-2012-120621,Home Office,Second Class,2656.436109
CA-2013-154690,Home Office Total,Standard Class,2657.613882
CA-2014-101483,Home Office Total,Standard Class,2661.758869
CA-2014-138975,Tanaka Pfupajena Total,Second Class,2663.813143
CA-2014-159667,Consumer,First Class,2670.529538
CA-2014-143567,Consumer Total,Standard Class,2672.989277
CA-2014-134649,Consumer,Standard Class,2673.388613
CA-2014-122994,Consumer Total,Standard Class,2674.300586
CA-2013-131065,Consumer,Standard Class,2675.665524
US-2011-156216,Home Office Total,Standard Class,2709.712126
CA-2011-159184,Consumer,Standard Class,2710.721133
CA-2014-128755,Consumer Total,Standard Class,2713.946674
CA-2011-115084,Tanaka Pfupajena Total,Standard Class,2719.933994
CA-2012-150749,Tanaka Pfupajena Total,Standard Class,2727.361289
CA-2013-113292,Consumer Total,Standard Class,2731.892378
CA-2014-158967,Consumer,Standard Class,2732.606697
US-2014-162558,Consumer,Standard Class,2739.818052
CA-2011-106810,Tanaka Pfupajena,Standard Class,2743.726037
US-2014-134642,Consumer,Standard Class,2749.659926
CA-2012-151547,Tanaka Pfupajena Total,Standard Class,2754.289952
US-2011-143581,Home Office,Second Class,2754.721339
CA-2011-109232,Consumer Total,First Class,2754.804343
US-2014-100930,Consumer Total,First Class,2756.413916
CA-2013-136483,Consumer,Standard Class,2760.643794
CA-2014-148404,Consumer Total,Standard Class,2760.857461
US-2014-136189,Tanaka Pfupajena,Standard Class,2769.762798
CA-2011-163013,Tanaka Pfupajena,Standard Class,2770.94612
CA-2012-132318,Consumer,Standard Class,2773.566353
CA-2013-134789,Home Office,Standard Class,2775.402392
CA-2013-133368,Tanaka Pfupajena,Standard Class,2776.872581
US-2012-108966,Home Office,Standard Class,2778.719457
CA-2013-136322,Consumer,First Class,2781.298098
CA-2012-115938,Consumer,Standard Class,2784.349439
US-2014-163195,Consumer,First Class,2784.408684
CA-2011-149958,Consumer,Standard Class,2789.713186
CA-2013-109344,Consumer Total,Standard Class,2790.042432
CA-2012-120516,Tanaka Pfupajena,Standard Class,2799.766759
CA-2011-157784,Consumer Total,Standard Class,2806.242466
CA-2013-133711,Consumer Total,Standard Class,2806.685486
CA-2014-100412,Home Office Total,Standard Class,2806.933393
CA-2012-110947,Consumer Total,Same Day,2808.421182
CA-2014-161851,Consumer,Standard Class,2813.633725
CA-2012-128083,Consumer Total,First Class,2826.153978
CA-2011-109232,Consumer,Standard Class,2832.119199
CA-2012-103135,Consumer,First Class,2836.076574
CA-2013-113747,Consumer Total,Standard Class,2840.849359
US-2014-152492,Consumer Total,Standard Class,2842.382007
CA-2014-104731,Home Office,First Class,2844.312204
CA-2011-106054,Consumer,Standard Class,2844.5755
US-2013-146570,Tanaka Pfupajena,First Class,2846.698572
CA-2014-117079,Consumer Total,Standard Class,2865.343141
CA-2011-155390,Consumer,Standard Class,2865.77187
CA-2014-104318,Consumer Total,First Class,2876.015472
CA-2014-128769,Consumer Total,Same Day,2879.710809
CA-2011-149538,Consumer,Second Class,2886.9896
CA-2013-149454,Home Office Total,First Class,2890.949306
CA-2012-153752,Home Office Total,Standard Class,2894.989742
CA-2014-128300,Consumer,Second Class,2897.936407
CA-2014-143861,Consumer Total,First Class,2904.335584
US-2014-158526,Consumer,Standard Class,2905.482341
CA-2011-103807,Home Office,Standard Class,2916.468729
CA-2013-165316,Consumer,Second Class,2917.341868
CA-2013-159653,Consumer,Standard Class,2917.744349
CA-2014-127803,Home Office,Standard Class,2925.585506
CA-2013-134474,Consumer Total,Standard Class,2928.751652
CA-2014-117198,Tanaka Pfupajena,Standard Class,2934.267663
CA-2014-145737,Consumer Total,Second Class,2942.571571
CA-2011-152562,Tanaka Pfupajena,Standard Class,2944.366065
CA-2013-136483,Home Office Total,Standard Class,2945.663522
CA-2013-100307,Tanaka Pfupajena Total,Standard Class,2947.684613
CA-2013-151155,Consumer Total,Second Class,2949.627983
CA-2011-136861,Consumer,Second Class,2950.65153
CA-2012-167696,Consumer Total,Standard Class,2951.715421
CA-2013-145247,Home Office Total,Standard Class,2954.173357
US-2014-158526,Home Office,Standard Class,2966.524217
US-2014-132031,Consumer,Standard Class,2967.743905
CA-2011-164749,Consumer,First Class,2976.572536
CA-2013-152471,Consumer Total,Standard Class,2980.96407
CA-2014-139353,Tanaka Pfupajena,Standard Class,2983.815715
CA-2013-109722,Consumer,Standard Class,2986.761423
CA-2014-145737,Consumer,Standard Class,2992.135054
US-2014-133781,Tanaka Pfupajena,Standard Class,2999.081423
CA-2013-163776,Consumer Total,Standard Class,3002.483192
CA-2011-103989,Consumer,Standard Class,3002.959722
CA-2014-155698,Consumer Total,Second Class,3015.21216
CA-2014-155159,Consumer Total,Standard Class,3023.020292
US-2011-115196,Tanaka Pfupajena,Standard Class,3032.094453
CA-2014-159667,Consumer,Standard Class,3044.323175
CA-2014-161592,Home Office,Standard Class,3058.203353
CA-2012-135510,Consumer Total,Standard Class,3075.405765
US-2014-115252,Consumer,Standard Class,3080.018529
CA-2012-150308,Tanaka Pfupajena Total,Same Day,3100.32609
CA-2011-156006,Consumer Total,Standard Class,3125.254084
CA-2013-146143,Consumer,Standard Class,3131.207824
CA-2014-160724,Consumer Total,Standard Class,3136.102899
CA-2014-121818,Consumer Total,Standard Class,3161.02613
CA-2013-104276,Consumer Total,Standard Class,3161.24353
CA-2014-125752,Tanaka Pfupajena,Second Class,3166.168307
CA-2011-167199,Consumer Total,Standard Class,3178.352471
CA-2013-130820,Consumer Total,Standard Class,3180.959805
CA-2012-137106,Consumer,Standard Class,3187.71281
US-2012-151435,Consumer,Standard Class,3192.972196
CA-2012-141327,Consumer Total,Second Class,3194.644024
CA-2013-125017,Home Office Total,Standard Class,3198.687193
CA-2013-149783,Consumer,Standard Class,3213.979182
CA-2013-100307,Home Office Total,Standard Class,3214.871271
CA-2014-155824,Tanaka Pfupajena Total,Same Day,3215.866328
CA-2013-127698,Tanaka Pfupajena Total,Standard Class,3217.87999
CA-2013-118178,Tanaka Pfupajena Total,Standard Class,3236.763768
CA-2011-152562,Tanaka Pfupajena Total,Second Class,3240.049251
CA-2014-126354,Tanaka Pfupajena,Standard Class,3243.018081
CA-2014-163510,Tanaka Pfupajena Total,Standard Class,3243.023391
CA-2012-138625,Consumer,Standard Class,3249.351635
CA-2012-100888,Consumer,Standard Class,3249.909832
CA-2011-152254,Consumer Total,Standard Class,3257.177797
CA-2014-133235,Tanaka Pfupajena,Standard Class,3258.829295
CA-2014-120705,Consumer,Standard Class,3263.893063
US-2013-116400,Consumer,Standard Class,3276.042459
CA-2013-166380,Tanaka Pfupajena Total,Standard Class,3278.873209
CA-2014-122707,Consumer Total,Standard Class,3290.560421
CA-2013-164350,Consumer,Standard Class,3293.524859
CA-2014-117198,Consumer Total,Standard Class,3299.821683
US-2013-121013,Home Office Total,Standard Class,3300.305388
CA-2011-131905,Tanaka Pfupajena Total,Standard Class,3314.610475
CA-2013-152471,Consumer,Standard Class,3315.255222
CA-2012-117828,Tanaka Pfupajena Total,Standard Class,3316.600849
CA-2012-162201,Tanaka Pfupajena,Standard Class,3317.71813
US-2013-150567,Tanaka Pfupajena,Second Class,3320.000423
US-2013-167472,Home Office Total,Standard Class,3327.259663
CA-2012-125696,Tanaka Pfupajena,Standard Class,3327.931249
CA-2014-140088,Home Office,Standard Class,3328.729285
CA-2011-108707,Home Office Total,First Class,3329.369433
CA-2014-143756,Consumer Total,Standard Class,3331.337577
CA-2013-159891,Tanaka Pfupajena,Standard Class,3339.534941
CA-2013-102092,Tanaka Pfupajena Total,Standard Class,3340.544464
CA-2012-141327,Consumer Total,Standard Class,3343.191093
CA-2012-108119,Consumer,Standard Class,3360.217597
CA-2012-149734,Home Office,Standard Class,3364.297694
CA-2014-130309,Consumer Total,First Class,3368.372113
US-2013-158309,Consumer Total,Standard Class,3369.428723
CA-2013-130820,Consumer Total,Standard Class,3376.960589
CA-2014-123687,Tanaka Pfupajena Total,Standard Class,3382.169579
CA-2012-128027,Tanaka Pfupajena,Standard Class,3394.620399
CA-2012-109470,Consumer,Standard Class,3396.431393
CA-2014-165204,Consumer,Standard Class,3435.649946
CA-2011-125682,Consumer Total,Second Class,3441.577402
CA-2011-111500,Tanaka Pfupajena,Standard Class,3447.950808
CA-2014-158729,Tanaka Pfupajena,Same Day,3451.295165
CA-2013-123414,Consumer,Standard Class,3459.54119
CA-2012-109708,Consumer Total,Standard Class,3461.621818
CA-2011-106054,Tanaka Pfupajena,First Class,3474.289543
US-2014-148768,Tanaka Pfupajena,Standard Class,3495.410074
CA-2013-166282,Consumer Total,Standard Class,3523.012449
CA-2014-161130,Consumer,Standard Class,3525.037264
CA-2012-138625,Consumer,Standard Class,3525.614542
CA-2014-126914,Tanaka Pfupajena,Standard Class,3527.029812
CA-2011-152254,Tanaka Pfupajena Total,Standard Class,3540.305396
CA-2011-109043,Tanaka Pfupajena,Standard Class,3544.695069
CA-2014-125752,Consumer,First Class,3565.59525
CA-2013-141180,Consumer Total,Standard Class,3568.798242
CA-2014-133501,Consumer Total,Standard Class,3571.79003
CA-2012-153752,Home Office Total,Standard Class,3577.283532
US-2011-117135,Consumer,Standard Class,3580.924237
CA-2011-127299,Consumer Total,Standard Class,3591.063376
US-2014-108315,Tanaka Pfupajena,Standard Class,3592.432634
CA-2013-123414,Home Office,First Class,3601.485549
CA-2011-124688,Consumer,Standard Class,3605.861183
CA-2014-124765,Home Office Total,Standard Class,3614.680563
US-2014-128951,Tanaka Pfupajena Total,Standard Class,3616.454414
CA-2013-152156,Tanaka Pfupajena Total,Standard Class,3629.262667
CA-2014-164917,Tanaka Pfupajena,Second Class,3636.344981
US-2014-159205,Consumer,Second Class,3653.903824
CA-2013-140641,Consumer,Standard Class,3675.560244
CA-2011-102988,Tanaka Pfupajena Total,Standard Class,3676.946573
CA-2012-150308,Consumer,Standard Class,3678.042488
CA-2013-168893,Consumer,Standard Class,3683.606523
CA-2013-152163,Consumer,Standard Class,3686.925438
CA-2013-164350,Tanaka Pfupajena,Second Class,3723.475783
CA-2012-108259,Tanaka Pfupajena,Second Class,3744.017175
CA-2014-133928,Consumer,Standard Class,3744.577102
CA-2014-158561,Tanaka Pfupajena,Standard Class,3747.749932
CA-2014-114412,Consumer,Standard Class,3753.987469
CA-2014-139353,Home Office,Second Class,3765.647112
CA-2013-165470,Consumer,First Class,3771.988593
US-2012-164357,Consumer,Standard Class,3792.717199
CA-2011-114314,Consumer Total,First Class,3801.993386
CA-2012-110947,Home Office,Standard Class,3804.383322
US-2013-116400,Consumer,Standard Class,3811.5441
US-2013-109260,Consumer,Standard Class,3828.14068
US-2014-117450,Consumer,Standard Class,3838.534117
CA-2013-115504,Tanaka Pfupajena,Standard Class,3840.552899
US-2013-134761,Tanaka Pfupajena,Standard Class,3851.624689
CA-2012-143532,Tanaka Pfupajena Total,Standard Class,3865.848481
CA-2012-108259,Consumer Total,Standard Class,3867.144639
CA-2012-142202,Consumer,Standard Class,3872.584688
CA-2014-153654,Tanaka Pfupajena,Same Day,3885.164086
CA-2014-162635,Consumer Total,Same Day,3888.921171
CA-2013-121958,Tanaka Pfupajena,Standard Class,3943.760835
CA-2013-166380,Consumer,Standard Class,3955.100657
CA-2013-160234,Tanaka Pfupajena,Standard Class,3955.270785
CA-2012-111199,Tanaka Pfupajena Total,Standard Class,3989.763036
CA-2014-122056,Tanaka Pfupajena Total,Standard Class,3994.407529
CA-2013-130001,Home Office Total,Same Day,4012.739178
CA-2014-121804,Consumer Total,Standard Class,4035.718006
CA-2014-102309,Consumer,Standard Class,4040.187579
US-2014-156083,Consumer,Standard Class,4044.009232
US-2014-133781,Consumer Total,Standard Class,4093.798764
CA-2013-122518,Consumer Total,Standard Class,4095.73021
US-2013-153815,Tanaka Pfupajena Total,Standard Class,4130.755666
CA-2011-114790,Consumer Total,Standard Class,4141.785489
CA-2014-119284,Tanaka Pfupajena Total,Standard Class,4171.911694
CA-2014-151218,Consumer Total,Standard Class,4176.545478
CA-2014-126774,Consumer,Standard Class,4183.389641
CA-2014-161200,Tanaka Pfupajena Total,Standard Class,4218.930403
CA-2013-157245,Tanaka Pfupajena,Standard Class,4220.945661
US-2013-169369,Consumer,Standard Class,4229.620201
CA-2012-163237,Consumer Total,Standard Class,4235.26511
CA-2013-102498,Consumer Total,First Class,4241.143388
US-2014-128951,Consumer Total,Standard Class,4337.176719
CA-2012-125563,Consumer,Standard Class,4364.779479
US-2014-135986,Consumer Total,Standard Class,4366.8902
CA-2014-128769,Consumer,Second Class,4381.224702
CA-2012-154746,Tanaka Pfupajena,Standard Class,4391.514683
CA-2013-137043,Consumer Total,Standard Class,4403.868081
CA-2011-107811,Tanaka Pfupajena Total,Standard Class,4430.244524
CA-2014-156272,Tanaka Pfupajena,Standard Class,4433.609598
US-2011-164763,Consumer,First Class,4472.993965
US-2012-130519,Tanaka Pfupajena,Standard Class,4483.472455
CA-2014-133235,Consumer Total,First Class,4486.822555
US-2014-146878,Consumer Total,Standard Class,4489.871522
US-2014-135062,Consumer Total,Standard Class,4509.928204
CA-2014-146535,Consumer,Same Day,4577.66327
CA-2011-130155,Tanaka Pfupajena,Standard Class,4589.474621
CA-2014-165904,Tanaka Pfupajena,Standard Class,4638.236776
CA-2014-153654,Consumer,Standard Class,4641.9352
CA-2014-155705,Consumer Total,Standard Class,4689.565478
US-2013-140809,Tanaka Pfupajena Total,Standard Class,4695.605866
CA-2011-132612,Consumer Total,Second Class,4728.542837
CA-2011-151967,Consumer Total,Standard Class,4747.669594
CA-2013-156573,Consumer Total,Standard Class,4779.490866
CA-2013-125017,Consumer Total,Standard Class,4784.26697
US-2014-168116,Tanaka Pfupajena Total,Standard Class,4787.884136
CA-2011-124618,Home Office Total,Standard Class,4809.409669
CA-2013-159653,Consumer,Standard Class,4822.764147
CA-2014-104864,Consumer,Standard Class,4832.496656
CA-2011-110100,Consumer Total,Standard Class,4859.916612
US-2013-120929,Home Office Total,Standard Class,4882.486496
US-2014-132031,Home Office Total,Standard Class,4886.399308
CA-2012-149300,Consumer,First Class,4897.228936
CA-2014-145702,Consumer,Standard Class,4909.023482
CA-2012-118843,Tanaka Pfupajena Total,Standard Class,4938.635294
US-2012-106495,Home Office,Standard Class,4951.770276
CA-2013-162236,Tanaka Pfupajena,Standard Class,4994.269385
CA-2012-140830,Home Office Total,Second Class,5025.747456
CA-2013-140977,Consumer Total,Standard Class,5066.223273
CA-2013-169334,Consumer Total,First Class,5077.642358
CA-2014-155292,Consumer Total,Same Day,5099.842868
US-2014-109610,Tanaka Pfupajena,Standard Class,5141.040853
CA-2013-142097,Consumer,Standard Class,5156.391124
CA-2012-112375,Tanaka Pfupajena,Standard Class,5181.207353
CA-2011-166051,Home Office Total,Standard Class,5215.046282
CA-2014-119004,Home Office,Standard Class,5239.131346
CA-2011-109043,Consumer,Standard Class,5435.866771
CA-2014-121419,Home Office,First Class,5486.977123
CA-2014-157931,Home Office Total,Standard Class,5624.80742
US-2013-139262,Tanaka Pfupajena,Standard Class,5677.876639
CA-2014-128300,Tanaka Pfupajena Total,Standard Class,5742.534997
CA-2011-114321,Consumer Total,Standard Class,5792.068817
CA-2011-132010,Tanaka Pfupajena,Standard Class,5827.735129
CA-2012-141327,Tanaka Pfupajena,Standard Class,5901.901025
CA-2012-142202,Tanaka Pfupajena,Standard Class,5909.682708
US-2011-130358,Consumer Total,Same Day,5964.991365
CA-2014-140872,Consumer,Standard Class,6159.295454
CA-2011-142951,Home Office,Second Class,6359.767751
CA-2013-124254,Home Office Total,Standard Class,6421.654299
CA-2011-160094,Home Office,Second Class,6547.854697
CA-2013-141180,Consumer,Standard Class,6610.173589
CA-2013-102162,Tanaka Pfupajena Total,Standard Class,6642.262895
US-2011-156559,Consumer Total,Standard Class,6998.580018
CA-2012-137974,Home Office Total,Same Day,7152.848443
CA-2012-116638,Tanaka Pfupajena,First Class,7302.536301
CA-2014-148999,Consumer Total,Standard Class,7355.555962
CA-2011-166730,Consumer,Standard Class,7472.24001
US-2013-101616,Consumer Total,Standard Class,7698.414699
CA-2011-136336,Consumer,Standard Class,7933.225139
US-2014-115252,Consumer Total,Standard Class,7965.351778
CA-2013-118514,Consumer,Standard Class,8053.005211
CA-2014-108322,Home Office,Second Class,8371.899993
CA-2013-132549,Home Office Total,Standard Class,8706.802608
CA-2012-125976,Home Office Total,Standard Class,8749.174561
CA-2013-116232,Tanaka Pfupajena,Standard Class,9157.861582
CA-2013-168536,Consumer Total,Standard Class,9199.55114
US-2012-123960,Tanaka Pfupajena,First Class,9207.200712
CA-2013-157588,Consumer Total,Standard Class,9683.486777
US-2013-134761,Consumer,Second Class,9903.692517
CA-2012-145324,Tanaka Pfupajena,Standard Class,10203.25378
US-2014-135062,Tanaka Pfupajena,Standard Class,10910.94566
CA-2013-106894,Consumer Total,Standard Class,11793.48118
CA-2011-111934,Consumer Total,Standard Class,20400.16476
CA-2013-112697,Consumer Total,Second Class,21254.90862
CA-2014-162173,Consumer Total,Standard Class,22006.01778
US-2011-165659,Consumer Total,Second Class,23388.56126
CA-2012-136147,Tanaka Pfupajena,Standard Class,23502.4099
US-2013-150357,Tanaka Pfupajena,Standard Class,23803.77155
CA-2014-128769,Consumer,Standard Class,32254.93674
CA-2014-148922,Consumer,Standard Class,37116.00245
CA-2011-101560,Home Office Total,Second Class,50285.67405
CA-2013-110254,Tanaka Pfupajena Total,Standard Class,50986.27269
CA-2011-165806,Tanaka Pfupajena,Standard Class,53427.07532
CA-2013-149454,Tanaka Pfupajena,Standard Class,58162.11146
CA-2013-119074,Consumer,Standard Class,72317.80616
CA-2012-111703,Consumer,Standard Class,73771.87546
US-2014-148831,Home Office Total,Second Class,115701.8035
CA-2014-106537,Consumer Total,Second Class,117115.2821
CA-2011-100895,Tanaka Pfupajena,Standard Class,117401.2432
CA-2011-125136,Tanaka Pfupajena Total,First Class,118091.2841
CA-2012-141565,Tanaka Pfupajena Total,Standard Class,119045.268
CA-2014-155292,Tanaka Pfupajena,Standard Class,120652.7895
US-2012-164357,Consumer,Standard Class,121302.3033
CA-2014-128629,Tanaka Pfupajena,Second Class,193222.7187
CA-2013-118626,Tanaka Pfupajena Total,Standard Class,196060.9109
CA-2013-112676,Tanaka Pfupajena Total,First Class,196632.0656
CA-2012-134257,Consumer,Second Class,196678.4976